Kind,Name,AvgCountLine,AvgCountLineBlank,AvgCountLineCode,AvgCountLineComment,AvgCyclomatic,CCViolDensityCode,CCViolDensityLine,CountCCViol,CountCCViolType,CountDeclFile,CountDeclFileCode,CountDeclFileHeader,CountDeclFunction,CountDeclInstanceMethod,CountDeclInstanceVariable,CountDeclInstanceVariablePrivate,CountDeclInstanceVariableProtected,CountDeclInstanceVariablePublic,CountInput,CountLine,CountLineBlank,CountLineCode,CountLineCodeDecl,CountLineCodeExe,CountLineComment,CountLineInactive,CountLinePreprocessor,CountOutput,CountSemicolon,CountStmt,CountStmtDecl,CountStmtEmpty,CountStmtExe,Cyclomatic,MaxCyclomatic,MaxNesting,PercentLackOfCohesion,RatioCommentToCode,SumCyclomatic
File,"ACTBMS.C",0,0,0,0,0,0.00,0.00,0,0,,,,0,,,,,,,495,104,338,338,338,52,0,0,,26,26,26,0,0,,0,0,,0.15,0
File,"AIRBRUSH.C",3,0,3,0,1,0.00,0.00,0,0,,,,5,,,,,,,66,15,37,32,6,10,0,4,,33,25,18,0,7,,2,0,,0.27,6
Function,"AbortIMode",,,,,,,,,,,,,,,,,,,5,12,0,12,2,7,1,0,0,7,7,9,1,0,8,3,,2,,0.08,
Function,"AbortKeyHit",,,,,,,,,,,,,,,,,,,1,8,0,8,3,3,0,0,0,1,5,6,2,1,3,3,,2,,0.00,
Function,"ActWPaint",,,,,,,,,,,,,,,,,,,2,10,0,10,1,8,0,0,0,4,8,12,0,0,12,5,,1,,0.00,
Function,"AllocBitMap",,,,,,,,,,,,,,,,,,,3,9,0,9,2,4,0,0,0,2,6,7,1,0,6,3,,1,,0.00,
Static Function,"AllocErr",,,,,,,,,,,,,,,,,,,2,5,0,2,1,0,0,1,2,1,1,0,0,0,0,1,,0,,0.00,
Function,"AllocShowNames",,,,,,,,,,,,,,,,,,,0,3,0,3,2,0,0,0,0,1,1,1,1,0,0,1,,0,,0.00,
Static Function,"AllocSpare",,,,,,,,,,,,,,,,,,,2,13,0,13,4,7,0,0,0,6,11,13,4,0,9,4,,2,,0.00,
Function,"AllocTmpRas",,,,,,,,,,,,,,,,,,,4,8,0,8,3,5,1,0,0,5,6,7,2,0,5,2,,1,,0.13,
File,"BEND.C",11,0,11,0,2,0.00,0.00,0,0,,,,11,,,,,,,190,24,153,51,148,11,0,5,,136,125,49,4,72,,4,2,,0.07,27
File,"BITMAPS.C",6,0,6,0,1,0.00,0.00,0,0,,,,12,,,,,,,239,25,117,27,13,53,36,12,,102,49,33,0,16,,3,1,,0.45,16
File,"BLEND.C",24,0,24,1,6,0.00,0.00,0,0,,,,1,,,,,,,80,11,45,12,25,14,0,13,,38,24,15,1,8,,6,2,,0.31,6
File,"BLITOPS.C",0,0,0,0,0,0.00,0.00,0,0,,,,0,,,,,,,197,23,72,4,1,21,61,27,,61,5,5,0,0,,0,0,,0.29,0
File,"BLITREGS.H",0,0,0,0,0,0.00,0.00,0,0,,,,0,,,,,,,23,4,11,11,1,3,0,7,,10,23,23,0,0,,0,0,,0.27,0
Function,"BMAllocMask",,,,,,,,,,,,,,,,,,,2,3,0,3,0,0,0,0,0,1,2,0,0,0,0,1,,0,,0.00,
Static Function,"BMBendH",,,,,,,,,,,,,,,,,,,5,20,0,19,4,7,2,0,0,5,14,12,4,0,8,3,,1,,0.11,
Static Function,"BMBendV",,,,,,,,,,,,,,,,,,,5,20,0,20,1,8,0,0,0,6,15,10,1,0,9,3,,1,,0.00,
Function,"BMBlitSize",,,,,,,,,,,,,,,,,,,1,3,0,3,1,1,0,0,0,1,2,1,0,0,1,1,,0,,0.00,
File,"BMOB.C",13,1,10,1,2,0.00,0.00,0,0,,,,15,,,,,,,417,57,240,53,175,82,41,23,,212,181,66,2,113,,11,2,,0.34,37
Function,"BMOBFreeTmp",,,,,,,,,,,,,,,,,,,3,1,0,1,1,1,0,0,0,2,1,1,0,0,1,1,,0,,0.00,
Function,"BMOBMask",,,,,,,,,,,,,,,,,,,10,7,0,7,1,4,0,0,0,3,6,5,0,0,5,2,,1,,0.00,
Function,"BMOBRotSize",,,,,,,,,,,,,,,,,,,1,11,0,11,2,0,0,0,0,1,8,1,1,0,0,1,,0,,0.00,
Function,"BMRot90",,,,,,,,,,,,,,,,,,,3,36,0,36,4,14,2,0,0,2,36,30,10,1,19,7,,4,,0.06,
File,"BOX.C",8,0,8,0,3,0.00,0.00,0,0,,,,6,,,,,,,70,10,49,6,12,9,0,2,,60,75,10,16,49,,7,1,,0.18,20
File,"BRXFORM.C",9,0,9,0,2,0.00,0.00,0,0,,,,9,,,,,,,146,22,97,30,52,24,0,3,,85,101,37,0,64,,4,1,,0.25,22
Function,"BailOut",,,,,,,,,,,,,,,,,,,3,7,0,7,3,4,0,0,0,3,5,6,2,0,4,1,,0,,0.00,
Function,"BasicBandW",,,,,,,,,,,,,,,,,,,3,1,0,1,1,1,0,0,0,2,2,3,1,0,2,1,,0,,0.00,
Function,"BlankBitMap",,,,,,,,,,,,,,,,,,,4,3,0,3,1,0,0,0,0,1,2,0,0,0,0,1,,0,,0.00,
Function,"BoxAnd",,,,,,,,,,,,,,,,,,,4,10,0,10,0,1,0,0,0,1,11,1,0,0,1,2,,1,,0.00,
Function,"BoxBeInside",,,,,,,,,,,,,,,,,,,4,9,0,9,1,2,0,0,0,1,8,2,0,0,2,3,,0,,0.00,
Function,"BoxContains",,,,,,,,,,,,,,,,,,,1,3,0,3,0,0,0,0,0,1,3,0,0,0,0,1,,0,,0.00,
Function,"BoxFrByteBox",,,,,,,,,,,,,,,,,,,2,3,0,3,2,1,0,0,0,2,3,2,1,0,1,1,,0,,0.00,
Static Function,"BoxFromPts",,,,,,,,,,,,,,,,,,,6,3,0,3,2,1,0,0,0,2,2,2,1,0,1,1,,0,,0.00,
Function,"BoxFromSM",,,,,,,,,,,,,,,,,,,3,1,0,1,1,1,0,0,0,2,2,2,1,0,1,1,,0,,0.00,
Function,"BoxNot",,,,,,,,,,,,,,,,,,,2,8,0,8,1,7,0,0,0,1,22,15,0,0,15,1,,0,,0.00,
Static Function,"BoxText",,,,,,,,,,,,,,,,,,,4,3,0,3,1,2,1,0,0,1,2,1,0,0,1,1,,0,,0.33,
Function,"BoxThreePts",,,,,,,,,,,,,,,,,,,8,6,0,6,1,2,0,0,0,1,13,41,0,12,29,7,,1,,0.00,
Function,"BoxTwoPts",,,,,,,,,,,,,,,,,,,6,5,0,5,1,2,0,0,0,1,9,17,0,4,13,3,,1,,0.00,
Function,"BrBgToFg",,,,,,,,,,,,,,,,,,,3,5,0,5,3,3,0,0,0,2,3,6,2,0,4,2,,1,,0.00,
Function,"BrBox",,,,,,,,,,,,,,,,,,,3,4,0,4,1,2,0,0,0,2,4,4,0,0,4,4,,1,,0.00,
Function,"BrDubl",,,,,,,,,,,,,,,,,,,3,1,0,1,1,1,0,0,0,1,1,1,0,0,1,1,,0,,0.00,
Function,"BrDublX",,,,,,,,,,,,,,,,,,,2,1,0,1,1,1,0,0,0,1,1,1,0,0,1,1,,0,,0.00,
Function,"BrDublY",,,,,,,,,,,,,,,,,,,2,1,0,1,1,1,0,0,0,1,1,1,0,0,1,1,,0,,0.00,
Function,"BrFlipX",,,,,,,,,,,,,,,,,,,4,7,0,7,3,5,0,0,0,3,5,11,3,0,8,4,,1,,0.00,
Function,"BrFlipY",,,,,,,,,,,,,,,,,,,4,7,0,7,1,5,0,0,0,3,5,9,1,0,8,4,,1,,0.00,
Function,"BrHalf",,,,,,,,,,,,,,,,,,,3,1,0,1,1,1,0,0,0,1,1,1,0,0,1,1,,0,,0.00,
Function,"BrRemapCols",,,,,,,,,,,,,,,,,,,3,11,0,10,4,3,1,0,0,2,7,7,3,0,4,2,,1,,0.10,
Function,"BrRot90",,,,,,,,,,,,,,,,,,,3,23,1,22,11,13,1,0,0,10,18,25,10,0,15,4,,1,,0.05,
Function,"BrushDefined",,,,,,,,,,,,,,,,,,,0,1,0,1,0,0,0,0,0,1,1,0,0,0,0,1,,0,,0.00,
File,"CCYCLE.C",5,0,5,0,2,0.00,0.00,0,0,,,,15,,,,,,,191,43,124,113,69,21,0,5,,105,109,49,0,60,,7,4,,0.17,31
File,"CHPROC.C",17,2,12,4,9,0.00,0.00,0,0,,,,11,,,,,,,253,41,166,81,106,60,14,13,,208,347,105,1,241,,74,3,,0.36,95
File,"CLIP.C",17,0,15,1,4,0.00,0.00,0,0,,,,8,,,,,,,215,27,138,145,83,34,7,19,,109,142,50,0,92,,10,3,,0.25,34
Static Function,"CLength",,,,,,,,,,,,,,,,,,,3,1,0,1,1,1,0,0,0,2,2,2,1,0,1,1,,0,,0.00,
File,"CONIC.C",11,0,11,0,1,0.00,0.00,0,0,,,,2,,,,,,,239,29,165,54,14,42,0,9,,164,45,41,0,4,,1,0,,0.25,2
Function,"CPClearBut",,,,,,,,,,,,,,,,,,,0,8,0,8,2,2,0,0,0,0,6,5,1,0,4,3,,1,,0.00,
Function,"CPInit",,,,,,,,,,,,,,,,,,,1,32,4,27,3,2,1,0,0,3,21,6,3,0,3,2,,1,,0.04,
Function,"CPShowAct",,,,,,,,,,,,,,,,,,,2,1,0,1,1,1,0,0,0,2,1,2,1,0,1,1,,0,,0.00,
File,"CTRPAN.C",11,0,11,0,2,0.00,0.00,0,0,,,,14,,,,,,,529,86,367,81,196,37,20,27,,353,195,111,0,84,,5,1,,0.10,27
File,"CURBRUSH.C",8,0,8,0,3,0.00,0.00,0,0,,,,10,,,,,,,171,22,118,32,157,16,11,15,,96,99,41,0,58,,11,3,,0.14,26
File,"CURSBMS.C",0,0,0,0,0,0.00,0.00,0,0,,,,0,,,,,,,189,22,151,151,151,25,0,0,,5,5,5,0,0,,0,0,,0.17,0
File,"CURSOR.C",3,0,3,0,2,0.00,0.00,0,0,,,,10,,,,,,,74,18,43,18,15,13,0,2,,32,46,28,0,18,,3,1,,0.30,16
Function,"ChangeBMOB",,,,,,,,,,,,,,,,,,,5,54,7,29,5,19,9,4,5,8,25,24,7,0,17,4,,2,,0.31,
Function,"CheapMove",,,,,,,,,,,,,,,,,,,2,7,0,4,1,2,1,1,2,3,3,2,0,0,2,1,,0,,0.25,
Function,"CheckAbort",,,,,,,,,,,,,,,,,,,1,5,0,5,2,3,1,0,0,4,3,6,2,0,4,2,,1,,0.20,
Function,"CheckForKey",,,,,,,,,,,,,,,,,,,0,10,0,10,1,3,0,0,0,3,8,5,1,0,4,2,,1,,0.00,
Function,"ChgABRadius",,,,,,,,,,,,,,,,,,,2,1,0,1,1,1,0,0,0,2,2,1,0,0,1,1,,0,,0.00,
Function,"ChgPane",,,,,,,,,,,,,,,,,,,3,11,0,8,2,5,0,1,2,4,5,8,1,0,7,4,,1,,0.00,
Function,"ChkChgPane",,,,,,,,,,,,,,,,,,,1,13,0,13,3,3,0,0,0,2,8,6,3,1,2,2,,1,,0.00,
Function,"ChkFNRes",,,,,,,,,,,,,,,,,,,5,5,0,5,1,2,0,0,0,2,2,2,0,0,2,2,,1,,0.00,
Function,"CircTypeOps",,,,,,,,,,,,,,,,,,,4,5,0,5,1,2,0,0,0,3,4,2,0,0,2,1,,0,,0.00,
Function,"ClearBMOB",,,,,,,,,,,,,,,,,,,6,11,0,11,1,8,0,0,0,3,8,9,0,0,9,3,,1,,0.00,
Function,"ClearBitMap",,,,,,,,,,,,,,,,,,,3,5,0,5,2,0,0,0,0,1,5,1,1,0,0,1,,0,,0.00,
Function,"ClearBrXform",,,,,,,,,,,,,,,,,,,3,6,0,6,3,3,0,0,0,4,4,5,2,0,3,1,,0,,0.00,
Function,"ClearErase",,,,,,,,,,,,,,,,,,,3,7,0,7,1,3,0,0,0,3,3,3,0,0,3,2,,1,,0.00,
Function,"ClearFB",,,,,,,,,,,,,,,,,,,8,5,0,5,1,4,0,0,0,4,6,8,0,0,8,3,,1,,0.00,
Function,"ClearXY",,,,,,,,,,,,,,,,,,,3,6,0,6,1,2,0,0,0,2,2,2,0,0,2,2,,1,,0.00,
Function,"ClipChgBox",,,,,,,,,,,,,,,,,,,7,6,0,6,3,3,0,0,0,2,6,7,2,0,5,1,,0,,0.00,
Function,"ClipDraw",,,,,,,,,,,,,,,,,,,3,8,0,5,1,3,0,1,2,4,5,3,0,0,3,1,,0,,0.00,
Function,"ClipEnd",,,,,,,,,,,,,,,,,,,2,11,1,7,3,4,0,1,2,5,6,8,2,0,6,3,,1,,0.00,
Function,"ClipInit",,,,,,,,,,,,,,,,,,,4,5,0,5,1,2,0,0,0,5,5,4,0,0,4,1,,0,,0.00,
Function,"ClipMove",,,,,,,,,,,,,,,,,,,4,9,0,6,1,4,0,1,2,8,7,6,0,0,6,2,,1,,0.00,
Static Function,"ClipRL",,,,,,,,,,,,,,,,,,,13,39,0,36,4,24,6,1,2,11,26,35,6,0,29,10,,3,,0.17,
Static Function,"ClipUD",,,,,,,,,,,,,,,,,,,13,32,0,29,4,21,4,1,2,10,21,29,4,0,25,10,,3,,0.14,
Static Function,"Close",,,,,,,,,,,,,,,,,,,12,10,0,7,1,5,0,1,2,8,5,8,0,0,8,4,,1,,0.00,
Function,"CloseDisplay",,,,,,,,,,,,,,,,,,,9,23,2,21,12,18,0,0,0,17,20,33,12,0,21,3,,1,,0.00,
Function,"CloseWB",,,,,,,,,,,,,,,,,,,1,13,0,13,4,8,0,0,0,7,9,13,4,0,9,3,,1,,0.00,
Function,"ClrEveryTime",,,,,,,,,,,,,,,,,,,1,5,0,5,1,1,0,0,0,2,3,1,0,0,1,1,,0,,0.00,
Function,"CmpStr",,,,,,,,,,,,,,,,,,,2,6,0,6,3,4,0,0,0,3,5,6,3,0,3,1,,0,,0.00,
Function,"ColWPaint",,,,,,,,,,,,,,,,,,,2,29,0,29,2,9,0,0,0,7,28,10,1,0,9,2,,1,,0.00,
Function,"ComWidth",,,,,,,,,,,,,,,,,,,0,1,0,1,0,0,0,0,0,1,1,0,0,0,0,1,,0,,0.00,
Function,"ConstBoxFromSM",,,,,,,,,,,,,,,,,,,3,10,0,10,1,4,0,0,0,2,7,4,0,0,4,2,,1,,0.00,
Function,"CopyBMOBPict",,,,,,,,,,,,,,,,,,,5,13,0,13,3,10,1,0,0,4,12,15,3,0,12,3,,1,,0.08,
Function,"CopyBitMap",,,,,,,,,,,,,,,,,,,5,6,0,6,3,3,0,0,0,4,6,7,2,0,5,2,,1,,0.00,
Function,"CopyToSpare",,,,,,,,,,,,,,,,,,,1,7,0,7,2,3,0,0,0,2,5,5,1,0,4,2,,1,,0.00,
Function,"CopyWNotice",,,,,,,,,,,,,,,,,,,2,14,0,14,7,10,0,0,0,6,12,17,7,0,10,1,,0,,0.00,
Function,"CopyWText",,,,,,,,,,,,,,,,,,,3,5,0,5,1,3,0,0,0,2,3,3,0,0,3,1,,0,,0.00,
Function,"CursInst",,,,,,,,,,,,,,,,,,,1,1,0,1,1,0,0,0,0,1,0,0,0,0,0,1,,0,,0.00,
Function,"CycPaint",,,,,,,,,,,,,,,,,,,5,8,0,8,2,1,0,0,0,1,4,2,1,0,1,2,,1,,0.00,
Static Function,"CycleColors",,,,,,,,,,,,,,,,,,,2,20,0,20,2,9,0,0,0,2,17,17,3,0,14,7,,4,,0.00,
File,"DALLOC.C",0,0,0,0,0,0.00,0.00,0,0,,,,0,,,,,,,39,5,19,1,0,12,0,3,,13,1,1,0,0,,0,0,,0.63,0
File,"DISPNUM.C",10,0,9,2,2,0.00,0.00,0,0,,,,5,,,,,,,145,25,81,86,18,33,0,6,,68,54,38,0,16,,2,1,,0.41,10
File,"DISTANCE.C",0,0,0,0,0,0.00,0.00,0,0,,,,0,,,,,,,21,2,9,0,0,8,0,1,,10,0,0,0,0,,0,0,,0.89,0
File,"DOPALETT.C",14,0,14,0,3,0.00,0.00,0,0,,,,3,,,,,,,67,6,48,24,27,11,0,2,,46,61,26,4,31,,6,2,,0.23,10
File,"DOSYMREQ.C",10,0,10,1,1,0.00,0.00,0,0,,,,1,,,,,,,26,2,16,12,4,6,0,2,,14,17,13,0,4,,1,0,,0.38,1
File,"DOTBMS.C",0,0,0,0,0,0.00,0.00,0,0,,,,0,,,,,,,139,24,102,102,102,12,0,0,,6,6,6,0,0,,0,0,,0.12,0
File,"DPHOOK.H",0,0,0,0,0,0.00,0.00,0,0,,,,0,,,,,,,17,1,10,0,0,13,0,0,,8,1,1,0,0,,0,0,,1.30,0
File,"DPIFF.C",7,0,7,0,1,0.00,0.00,0,0,,,,1,,,,,,,342,49,202,23,0,86,10,8,,149,27,27,0,0,,1,0,,0.43,1
File,"DPIFF.H",0,0,0,0,0,0.00,0.00,0,0,,,,0,,,,,,,45,9,17,0,0,11,0,9,,16,17,17,0,0,,0,0,,0.65,0
File,"DPINIT.C",26,4,20,2,3,0.00,0.00,0,0,,,,8,,,,,,,439,77,272,138,108,56,38,21,,236,260,133,6,121,,15,3,,0.21,27
File,"DPINIT2.C",15,1,14,0,1,0.00,0.00,0,0,,,,4,,,,,,,127,21,93,26,4,9,0,4,,81,52,48,0,4,,2,1,,0.10,5
File,"DPIO.C",13,0,13,0,3,0.00,0.00,0,0,,,,15,,,,,,,352,39,266,66,330,23,20,11,,217,208,84,0,124,,6,4,,0.09,41
Function,"DPInit",,,,,,,,,,,,,,,,,,,15,138,33,93,25,62,12,9,2,35,83,100,24,6,70,15,,3,,0.13,
Static Function,"Dash",,,,,,,,,,,,,,,,,,,6,4,0,4,3,2,1,0,0,2,3,4,2,0,2,1,,0,,0.25,
Function,"DecPen",,,,,,,,,,,,,,,,,,,2,2,0,2,1,2,0,0,0,2,2,3,0,0,3,2,,1,,0.00,
Function,"DefaultCursor",,,,,,,,,,,,,,,,,,,1,1,0,1,1,0,0,0,0,1,1,1,1,0,0,1,,0,,0.00,
Function,"DefaultPaintCursor",,,,,,,,,,,,,,,,,,,2,3,0,3,1,1,0,0,0,2,1,1,0,0,1,2,,0,,0.00,
Function,"DefaultPalette",,,,,,,,,,,,,,,,,,,1,1,0,1,1,1,0,0,0,3,2,2,0,0,2,1,,0,,0.00,
Function,"DisableAbort",,,,,,,,,,,,,,,,,,,0,1,0,1,1,1,0,0,0,2,1,1,0,0,1,1,,0,,0.00,
Function,"DispActMenu",,,,,,,,,,,,,,,,,,,4,20,0,20,6,7,0,0,0,5,17,13,5,0,8,2,,1,,0.00,
Function,"DispAndSetMode",,,,,,,,,,,,,,,,,,,3,4,0,4,3,2,0,0,0,3,3,4,2,0,2,1,,0,,0.00,
Function,"DispAvailMem",,,,,,,,,,,,,,,,,,,3,10,0,10,4,4,0,0,0,4,6,9,5,0,4,2,,1,,0.00,
Function,"DispNum",,,,,,,,,,,,,,,,,,,4,8,0,8,5,5,1,0,0,5,8,12,5,0,7,2,,1,,0.13,
Function,"DispPntMode",,,,,,,,,,,,,,,,,,,6,17,0,10,3,2,7,0,0,2,6,4,2,0,2,2,,1,,0.70,
Function,"DispXY",,,,,,,,,,,,,,,,,,,1,11,0,11,2,1,0,0,0,1,7,2,1,0,1,2,,1,,0.00,
Function,"DoBlend",,,,,,,,,,,,,,,,,,,3,24,0,24,8,9,1,0,0,1,21,17,8,1,8,6,,2,,0.04,
Function,"DoBrs",,,,,,,,,,,,,,,,,,,2,30,0,30,3,27,0,0,0,14,42,70,2,0,68,22,,2,,0.00,
Static Function,"DoFontMI",,,,,,,,,,,,,,,,,,,1,4,0,4,3,2,0,0,0,2,3,5,2,0,3,2,,1,,0.00,
Function,"DoMessage",,,,,,,,,,,,,,,,,,,2,79,3,58,7,33,12,4,6,12,48,48,7,0,41,10,,3,,0.21,
Function,"DoMode",,,,,,,,,,,,,,,,,,,1,8,0,8,2,3,0,0,0,2,5,4,1,0,3,2,,1,,0.00,
Function,"DoOpen",,,,,,,,,,,,,,,,,,,0,1,0,1,1,1,0,0,0,3,3,5,2,0,3,1,,0,,0.00,
Static Function,"DoPic",,,,,,,,,,,,,,,,,,,2,1,0,1,1,1,0,0,0,1,2,1,0,0,1,1,,0,,0.00,
Function,"DoSave",,,,,,,,,,,,,,,,,,,0,1,0,1,1,1,0,0,0,3,3,3,0,0,3,1,,0,,0.00,
Function,"DoSaveAs",,,,,,,,,,,,,,,,,,,0,1,0,1,1,1,0,0,0,3,3,3,0,0,3,1,,0,,0.00,
Function,"DoSelBr",,,,,,,,,,,,,,,,,,,1,32,0,32,10,27,1,0,0,11,28,28,9,0,19,4,,1,,0.03,
Function,"DoShade",,,,,,,,,,,,,,,,,,,7,18,0,18,8,15,0,0,0,2,20,25,8,2,15,8,,1,,0.00,
Function,"DoSmear",,,,,,,,,,,,,,,,,,,6,8,0,8,3,6,1,0,0,6,9,10,2,0,8,3,,1,,0.13,
Function,"DoSymReq",,,,,,,,,,,,,,,,,,,0,10,0,10,7,4,1,0,0,5,8,10,6,0,4,1,,0,,0.10,
Function,"DoText",,,,,,,,,,,,,,,,,,,4,4,0,4,3,2,0,0,0,4,4,4,2,0,2,1,,0,,0.00,
Static Function,"DoTextChar",,,,,,,,,,,,,,,,,,,2,27,0,27,7,22,0,0,0,11,37,49,6,5,38,11,,2,,0.00,
Function,"DotBFromRad",,,,,,,,,,,,,,,,,,,1,1,0,1,1,1,0,0,0,1,2,1,0,0,1,1,,0,,0.00,
Function,"DotInfo",,,,,,,,,,,,,,,,,,,1,5,0,5,2,3,0,0,0,3,4,4,1,0,4,2,,1,,0.00,
Function,"DotsPen",,,,,,,,,,,,,,,,,,,4,9,0,9,3,8,0,0,0,5,8,8,2,0,6,4,,0,,0.00,
Static Function,"DrawBox",,,,,,,,,,,,,,,,,,,8,10,1,9,3,7,1,0,0,2,8,7,2,0,5,1,,0,,0.11,
Static Function,"DrawBoxAround",,,,,,,,,,,,,,,,,,,6,3,0,3,1,1,1,0,0,1,2,1,0,0,1,1,,0,,0.33,
Static Function,"DrawColorsBorder",,,,,,,,,,,,,,,,,,,5,5,0,5,1,3,0,0,0,4,4,3,0,0,3,1,,0,,0.00,
Static Function,"DrawInRange",,,,,,,,,,,,,,,,,,,4,1,0,1,1,1,0,0,0,2,3,2,0,0,2,1,,0,,0.00,
Static Function,"DrawRange",,,,,,,,,,,,,,,,,,,5,14,2,12,2,7,1,0,0,4,9,20,1,4,15,5,,1,,0.08,
Static Function,"DrawWhich",,,,,,,,,,,,,,,,,,,6,65,10,50,3,61,10,0,0,6,37,50,5,0,45,13,,2,,0.20,
Function,"Dubl",,,,,,,,,,,,,,,,,,,2,3,0,3,1,2,0,0,0,3,2,4,1,0,3,3,,1,,0.00,
Function,"DupBitMap",,,,,,,,,,,,,,,,,,,5,4,0,4,2,1,0,0,0,2,3,2,1,0,1,1,,0,,0.00,
Function,"EnableAbort",,,,,,,,,,,,,,,,,,,0,1,0,1,1,1,0,0,0,2,1,1,0,0,1,1,,0,,0.00,
Function,"EncloseBox",,,,,,,,,,,,,,,,,,,5,12,0,12,1,4,1,0,0,2,9,4,0,0,4,4,,1,,0.08,
Function,"EndCycPaint",,,,,,,,,,,,,,,,,,,2,1,0,1,1,1,0,0,0,2,1,2,1,0,1,1,,0,,0.00,
Function,"EraseBox",,,,,,,,,,,,,,,,,,,3,4,0,4,2,1,0,0,0,4,4,4,1,0,3,2,,1,,0.00,
Function,"EraseTempChg",,,,,,,,,,,,,,,,,,,3,7,0,7,2,4,1,0,0,5,4,6,1,0,5,2,,1,,0.14,
Static Function,"EventHandler",,,,,,,,,,,,,,,,,,,11,91,10,76,6,68,17,0,0,24,50,72,8,1,63,19,,3,,0.22,
Function,"ExtractBMOB",,,,,,,,,,,,,,,,,,,7,30,2,22,5,13,9,0,0,5,21,22,5,0,17,3,,1,,0.41,
Function,"FCircTypeOps",,,,,,,,,,,,,,,,,,,4,4,0,4,1,1,0,0,0,2,3,1,0,0,1,1,,0,,0.00,
File,"FILL.C",1,0,1,0,1,0.00,0.00,0,0,,,,2,,,,,,,198,35,110,38,2,28,13,15,,110,26,24,0,2,,1,0,,0.25,2
File,"FNBMS.C",0,0,0,0,0,0.00,0.00,0,0,,,,0,,,,,,,44,2,36,36,36,5,0,0,,2,2,2,0,0,,0,0,,0.14,0
File,"FNREQ.C",15,0,14,0,2,0.00,0.00,0,0,,,,11,,,,,,,795,108,568,67,544,125,3,32,,314,182,108,2,73,,8,2,,0.22,25
File,"FNREQ.H",0,0,0,0,0,0.00,0.00,0,0,,,,0,,,,,,,12,1,0,0,0,7,0,3,,0,0,0,0,0,,0,0,,0.00,0
Function,"FN_HandleEvent",,,,,,,,,,,,,,,,,,,1,17,0,17,2,4,0,0,0,1,10,7,1,2,4,4,,2,,0.00,
Function,"FN_InitReq",,,,,,,,,,,,,,,,,,,0,51,4,47,2,39,0,0,0,5,44,28,1,0,27,1,,0,,0.00,
Function,"FN_InitText",,,,,,,,,,,,,,,,,,,0,31,1,30,0,0,0,0,0,1,25,0,0,0,0,1,,0,,0.00,
File,"FONTINIT.C",26,2,19,2,2,0.00,0.00,0,0,,,,4,,,,,,,178,23,93,44,25,15,29,22,,84,89,59,3,27,,3,1,,0.16,9
Function,"FillBitMap",,,,,,,,,,,,,,,,,,,0,4,0,4,1,0,0,0,0,1,6,0,0,0,0,1,,0,,0.00,
Function,"FixMag",,,,,,,,,,,,,,,,,,,6,32,6,25,3,16,1,0,0,6,23,19,3,0,16,6,,2,,0.04,
Function,"FixMagAndPaint",,,,,,,,,,,,,,,,,,,2,5,0,5,1,2,0,0,0,3,5,5,0,0,5,3,,2,,0.00,
Function,"FixMenCols",,,,,,,,,,,,,,,,,,,1,16,0,16,2,7,3,0,0,4,12,8,1,0,7,2,,1,,0.19,
Function,"FixOffs",,,,,,,,,,,,,,,,,,,3,5,0,5,3,3,0,0,0,3,3,5,2,0,3,1,,0,,0.00,
Function,"FixTitle",,,,,,,,,,,,,,,,,,,4,13,0,13,2,5,0,0,0,3,7,5,1,0,4,2,,1,,0.00,
Static Function,"FixUpPen",,,,,,,,,,,,,,,,,,,4,12,0,12,2,9,0,0,0,4,10,10,1,0,9,1,,0,,0.00,
Function,"FixUsePen",,,,,,,,,,,,,,,,,,,5,5,0,5,1,3,0,0,0,2,2,4,0,0,4,3,,2,,0.00,
Function,"FlipIt",,,,,,,,,,,,,,,,,,,1,1,0,1,1,1,0,0,0,3,3,5,2,0,3,1,,0,,0.00,
Function,"FlipY",,,,,,,,,,,,,,,,,,,1,7,0,7,2,0,0,0,0,1,7,1,1,0,0,1,,0,,0.00,
Static Function,"ForceDrawWhich",,,,,,,,,,,,,,,,,,,3,16,1,14,2,8,1,0,0,1,10,19,2,5,12,7,,1,,0.07,
Function,"FreeAllRAM",,,,,,,,,,,,,,,,,,,4,11,0,11,1,0,0,0,0,2,9,7,1,0,6,4,,1,,0.00,
Function,"FreeBMOB",,,,,,,,,,,,,,,,,,,5,6,0,6,1,4,1,0,0,3,5,4,0,0,4,1,,0,,0.17,
Function,"FreeBitMap",,,,,,,,,,,,,,,,,,,14,7,0,7,2,0,0,0,0,1,6,1,1,0,0,1,,0,,0.00,
Function,"FreeFileNames",,,,,,,,,,,,,,,,,,,0,8,0,8,2,2,0,0,0,2,6,5,1,0,4,3,,2,,0.00,
Function,"FreeFonts",,,,,,,,,,,,,,,,,,,3,16,0,15,7,3,1,0,0,2,15,12,8,0,4,2,,1,,0.07,
Function,"FreePoly",,,,,,,,,,,,,,,,,,,3,2,0,2,1,1,0,0,0,2,4,3,1,0,2,1,,0,,0.00,
Function,"FreeShowNames",,,,,,,,,,,,,,,,,,,1,1,0,1,1,1,0,0,0,2,1,2,1,0,1,1,,0,,0.00,
Function,"FreeSpare",,,,,,,,,,,,,,,,,,,1,4,0,4,1,2,0,0,0,3,2,3,0,0,3,2,,1,,0.00,
Function,"FreeTmpRas",,,,,,,,,,,,,,,,,,,4,4,0,4,1,1,0,0,0,2,2,1,0,0,1,1,,0,,0.00,
Function,"FreeUpMem",,,,,,,,,,,,,,,,,,,1,4,0,4,2,0,0,0,0,1,2,1,1,0,0,1,,0,,0.00,
File,"GEOM.C",0,0,0,0,0,0.00,0.00,0,0,,,,0,,,,,,,119,18,85,5,0,12,0,3,,88,5,5,0,0,,0,0,,0.14,0
File,"GRDEFS.H",0,0,0,0,0,0.00,0.00,0,0,,,,0,,,,,,,331,67,130,126,3,95,0,99,,119,147,147,0,0,,0,0,,0.73,0
Function,"GWriteFlush",,,,,,,,,,,,,,,,,,,0,7,0,7,3,5,1,0,0,3,4,6,2,0,4,2,,1,,0.14,
Function,"GetBrs",,,,,,,,,,,,,,,,,,,1,8,0,8,3,5,1,0,0,5,7,8,3,0,5,2,,1,,0.13,
Function,"GetNextCh",,,,,,,,,,,,,,,,,,,2,4,0,4,0,2,0,0,0,1,3,3,0,0,3,2,,1,,0.00,
Function,"GetPushBMsg",,,,,,,,,,,,,,,,,,,3,4,0,4,2,0,0,0,0,1,1,1,1,0,0,1,,0,,0.00,
Static Function,"GetTextSizeParams",,,,,,,,,,,,,,,,,,,1,4,0,4,1,0,0,0,0,1,3,0,0,0,0,1,,0,,0.00,
Function,"GetTimerMsg",,,,,,,,,,,,,,,,,,,2,3,0,3,2,1,0,0,0,2,2,2,1,0,1,1,,0,,0.00,
Static Function,"GiveUp",,,,,,,,,,,,,,,,,,,1,1,0,1,1,1,0,0,0,4,3,5,2,0,3,1,,0,,0.00,
Function,"GoDown",,,,,,,,,,,,,,,,,,,0,18,1,17,5,12,0,0,0,14,16,21,4,0,17,4,,1,,0.00,
Function,"GoUp",,,,,,,,,,,,,,,,,,,0,15,0,15,6,10,2,0,0,11,16,21,5,0,16,1,,0,,0.13,
Function,"GunTheBrush",,,,,,,,,,,,,,,,,,,3,5,0,5,4,3,1,0,0,4,3,6,3,0,3,1,,0,,0.20,
File,"HOOK.C",0,0,0,0,0,0.00,0.00,0,0,,,,0,,,,,,,39,7,25,1,0,5,0,1,,20,2,2,0,0,,0,0,,0.20,0
File,"HSV.C",16,1,14,4,4,0.00,0.00,0,0,,,,8,,,,,,,216,23,125,61,210,71,0,15,,94,125,42,1,82,,15,4,,0.57,34
Function,"HSVSetsCurrentColor",,,,,,,,,,,,,,,,,,,2,6,0,6,2,4,0,0,0,5,4,5,1,0,4,1,,0,,0.00,
Function,"Half",,,,,,,,,,,,,,,,,,,2,3,0,3,1,2,0,0,0,3,2,4,1,0,3,2,,1,,0.00,
Function,"HelpMe",,,,,,,,,,,,,,,,,,,1,14,0,14,11,12,0,0,0,13,12,23,10,0,13,3,,1,,0.00,
Function,"HideCursor",,,,,,,,,,,,,,,,,,,1,1,0,1,1,0,0,0,0,1,1,1,1,0,0,1,,0,,0.00,
Function,"HookActive",,,,,,,,,,,,,,,,,,,1,1,0,1,1,1,0,0,0,1,1,1,0,0,1,1,,0,,0.00,
File,"IFFR.C",0,0,0,0,0,0.00,0.00,0,0,,,,0,,,,,,,296,47,204,5,0,57,0,1,,147,7,7,0,0,,0,0,,0.28,0
File,"IFFW.C",7,0,7,1,2,0.00,0.00,0,0,,,,1,,,,,,,311,43,210,16,5,79,0,4,,149,29,25,0,4,,2,1,,0.38,2
File,"ILBMR.C",0,0,0,0,0,0.00,0.00,0,0,,,,0,,,,,,,145,22,89,3,0,43,0,2,,69,8,8,0,0,,0,0,,0.48,0
File,"ILBMW.C",0,0,0,0,0,0.00,0.00,0,0,,,,0,,,,,,,141,19,99,5,0,29,0,2,,84,14,14,0,0,,0,0,,0.29,0
Function,"IMAirBrush",,,,,,,,,,,,,,,,,,,1,3,0,3,2,1,0,0,0,2,1,2,1,0,1,1,,0,,0.00,
Function,"IMCirc",,,,,,,,,,,,,,,,,,,0,1,0,1,1,1,0,0,0,1,1,1,0,0,1,1,,0,,0.00,
Function,"IMCurve1",,,,,,,,,,,,,,,,,,,0,3,0,3,1,1,0,0,0,1,2,1,0,0,1,1,,0,,0.00,
Function,"IMCurve2",,,,,,,,,,,,,,,,,,,0,3,0,3,1,1,0,0,0,1,2,1,0,0,1,1,,0,,0.00,
Function,"IMDraw",,,,,,,,,,,,,,,,,,,0,1,0,1,1,1,0,0,0,1,1,1,0,0,1,1,,0,,0.00,
Function,"IMFCirc",,,,,,,,,,,,,,,,,,,0,1,0,1,1,1,0,0,0,1,1,1,0,0,1,1,,0,,0.00,
Function,"IMFOval",,,,,,,,,,,,,,,,,,,0,1,0,1,1,1,0,0,0,1,1,1,0,0,1,1,,0,,0.00,
Function,"IMFPoly2",,,,,,,,,,,,,,,,,,,1,6,0,6,1,4,0,0,0,4,4,4,0,0,4,1,,0,,0.00,
Function,"IMFRect",,,,,,,,,,,,,,,,,,,0,1,0,1,1,1,0,0,0,1,1,1,0,0,1,1,,0,,0.00,
Function,"IMFill",,,,,,,,,,,,,,,,,,,0,1,0,1,1,1,0,0,0,3,2,2,0,0,2,1,,0,,0.00,
Function,"IMGetFPat",,,,,,,,,,,,,,,,,,,0,1,0,1,1,0,0,0,0,0,0,0,0,0,0,1,,0,,0.00,
Function,"IMGridSpec",,,,,,,,,,,,,,,,,,,0,8,0,8,1,4,0,0,0,4,6,4,0,0,4,1,,0,,0.00,
Function,"IMHBendBrush",,,,,,,,,,,,,,,,,,,1,7,0,7,3,4,0,0,0,4,6,8,2,0,6,2,,1,,0.00,
Function,"IMMagSpec",,,,,,,,,,,,,,,,,,,2,6,0,6,2,3,0,0,0,4,4,4,1,0,3,1,,0,,0.00,
Function,"IMNull",,,,,,,,,,,,,,,,,,,0,1,0,1,1,0,0,0,0,1,1,0,0,0,0,1,,0,,0.00,
Function,"IMOval",,,,,,,,,,,,,,,,,,,0,1,0,1,1,1,0,0,0,1,1,1,0,0,1,1,,0,,0.00,
Function,"IMPoly",,,,,,,,,,,,,,,,,,,1,4,0,4,1,2,0,0,0,2,2,2,0,0,2,1,,0,,0.00,
Function,"IMPoly2",,,,,,,,,,,,,,,,,,,1,6,0,6,3,4,0,0,0,4,4,6,2,0,4,1,,0,,0.00,
Function,"IMReadPix",,,,,,,,,,,,,,,,,,,0,1,0,1,1,1,0,0,0,3,2,3,1,0,2,1,,0,,0.00,
Function,"IMRect",,,,,,,,,,,,,,,,,,,0,1,0,1,1,1,0,0,0,1,1,1,0,0,1,1,,0,,0.00,
Function,"IMSelBrush",,,,,,,,,,,,,,,,,,,0,1,0,1,1,1,0,0,0,1,1,1,0,0,1,1,,0,,0.00,
Function,"IMShade",,,,,,,,,,,,,,,,,,,0,1,0,1,1,1,0,0,0,1,1,1,0,0,1,1,,0,,0.00,
Function,"IMShrBrush",,,,,,,,,,,,,,,,,,,2,9,0,9,4,8,0,0,0,9,11,17,4,0,13,3,,1,,0.00,
Function,"IMSizePen",,,,,,,,,,,,,,,,,,,0,3,0,3,1,0,0,0,0,0,1,0,0,0,0,1,,0,,0.00,
Function,"IMSymCent",,,,,,,,,,,,,,,,,,,0,1,0,1,1,0,0,0,0,0,1,0,0,0,0,1,,0,,0.00,
Function,"IMText1",,,,,,,,,,,,,,,,,,,1,8,0,8,1,6,0,0,0,6,5,5,0,0,5,1,,0,,0.00,
Function,"IMText2",,,,,,,,,,,,,,,,,,,1,7,0,7,2,5,0,0,0,4,4,5,1,0,4,1,,0,,0.00,
Function,"IMVBendBrush",,,,,,,,,,,,,,,,,,,1,7,0,7,1,4,0,0,0,4,6,6,0,0,6,2,,1,,0.00,
Function,"IMVect",,,,,,,,,,,,,,,,,,,0,1,0,1,1,1,0,0,0,1,1,1,0,0,1,1,,0,,0.00,
Function,"IModeProcs",,,,,,,,,,,,,,,,,,,18,6,0,6,1,2,0,0,0,9,9,8,0,0,8,1,,0,,0.00,
File,"INITOVS.C",1,0,1,0,1,0.00,0.00,0,0,,,,1,,,,,,,11,2,1,1,0,7,0,0,,0,1,1,0,0,,1,0,,7.00,1
File,"INITREAD.C",1,0,1,0,1,0.00,0.00,0,0,,,,1,,,,,,,10,2,1,1,0,7,0,0,,0,1,1,0,0,,1,0,,7.00,1
File,"INITWRIT.C",1,0,1,0,1,0.00,0.00,0,0,,,,1,,,,,,,10,2,1,1,0,7,0,0,,0,1,1,0,0,,1,0,,7.00,1
File,"INTUALL.H",0,0,0,0,0,0.00,0.00,0,0,,,,0,,,,,,,34,3,0,0,0,0,0,30,,0,0,0,0,0,,0,0,,0.00,0
Function,"IffErr",,,,,,,,,,,,,,,,,,,1,7,0,7,0,0,0,0,0,1,4,0,0,0,0,1,,0,,0.00,
Function,"InCaseOfReentry",,,,,,,,,,,,,,,,,,,1,7,0,7,1,3,0,0,0,3,3,3,0,0,3,2,,1,,0.00,
Function,"IncPen",,,,,,,,,,,,,,,,,,,2,1,0,1,1,1,0,0,0,2,1,2,1,0,1,2,,0,,0.00,
Function,"InitBoard",,,,,,,,,,,,,,,,,,,0,1,0,1,1,0,0,0,0,1,0,0,0,0,0,1,,0,,0.00,
Static Function,"InitFontMenu",,,,,,,,,,,,,,,,,,,0,23,0,23,4,4,0,0,0,2,20,13,6,2,5,2,,1,,0.00,
Static Function,"InitFonts",,,,,,,,,,,,,,,,,,,2,54,9,30,14,11,2,5,8,6,26,27,16,1,10,3,,1,,0.07,
Function,"InitMag",,,,,,,,,,,,,,,,,,,6,13,0,13,4,11,0,0,0,10,11,14,3,0,11,1,,0,,0.00,
Function,"InitMenu",,,,,,,,,,,,,,,,,,,2,14,0,14,3,1,0,0,0,2,10,3,2,0,1,1,,0,,0.00,
Function,"InitOVS",,,,,,,,,,,,,,,,,,,0,1,0,1,1,0,0,0,0,1,0,0,0,0,0,1,,0,,0.00,
Function,"InitPGraph",,,,,,,,,,,,,,,,,,,1,4,0,4,1,1,0,0,0,2,2,1,0,0,1,1,,0,,0.00,
Function,"InitPalette",,,,,,,,,,,,,,,,,,,1,1,0,1,1,1,0,0,0,2,1,2,1,0,1,1,,0,,0.00,
Function,"InitPicPath",,,,,,,,,,,,,,,,,,,0,1,0,1,1,1,0,0,0,2,1,1,0,0,1,1,,0,,0.00,
Function,"InitRead",,,,,,,,,,,,,,,,,,,2,1,0,1,1,0,0,0,0,1,0,0,0,0,0,1,,0,,0.00,
Function,"InitScreenFont",,,,,,,,,,,,,,,,,,,4,4,0,4,3,2,0,0,0,4,2,4,2,0,2,1,,0,,0.00,
Static Function,"InitSliderGadgets",,,,,,,,,,,,,,,,,,,2,42,7,34,2,6,1,0,0,1,30,9,2,0,7,5,,2,,0.03,
Function,"InitWrite",,,,,,,,,,,,,,,,,,,3,1,0,1,1,0,0,0,0,1,0,0,0,0,0,1,,0,,0.00,
Function,"InstCP",,,,,,,,,,,,,,,,,,,5,7,0,7,2,5,0,0,0,3,5,6,1,0,5,1,,0,,0.00,
Static Function,"InvBlink",,,,,,,,,,,,,,,,,,,3,1,0,1,1,0,0,0,0,1,1,0,0,0,0,1,,0,,0.00,
Static Function,"InvGadg",,,,,,,,,,,,,,,,,,,3,15,0,15,6,2,0,0,0,1,11,7,6,0,1,1,,0,,0.00,
Static Function,"InvOne",,,,,,,,,,,,,,,,,,,0,2,0,2,1,2,0,0,0,2,2,3,0,0,3,2,,1,,0.00,
Static Function,"InvSaveBox",,,,,,,,,,,,,,,,,,,3,8,0,5,4,3,0,1,2,4,4,6,3,0,3,1,,0,,0.00,
Function,"InvTxtBox",,,,,,,,,,,,,,,,,,,0,1,0,1,1,1,0,0,0,2,1,2,1,0,1,1,,0,,0.00,
Function,"JamCursor",,,,,,,,,,,,,,,,,,,6,4,0,4,2,1,0,0,0,1,3,1,1,0,0,1,,0,,0.00,
File,"KEYJUNK.C",3,0,3,0,2,0.00,0.00,0,0,,,,2,,,,,,,110,14,66,63,18,28,0,4,,71,19,16,0,3,,2,1,,0.42,3
Function,"KillCCyc",,,,,,,,,,,,,,,,,,,4,4,0,4,1,2,0,0,0,3,2,4,0,0,4,3,,1,,0.00,
Function,"KillTimer",,,,,,,,,,,,,,,,,,,2,5,0,5,3,2,0,0,0,2,4,5,3,0,2,2,,1,,0.00,
Function,"LeaveW",,,,,,,,,,,,,,,,,,,0,5,0,5,2,2,0,0,0,3,4,3,1,0,2,1,,0,,0.00,
Function,"LegalMode",,,,,,,,,,,,,,,,,,,2,5,0,5,0,0,0,0,0,1,3,0,0,0,0,1,,0,,0.00,
Function,"LoadBrsNamed",,,,,,,,,,,,,,,,,,,2,38,0,38,7,30,1,0,0,15,27,33,6,0,27,6,,2,,0.03,
Function,"LoadFontDir",,,,,,,,,,,,,,,,,,,3,11,0,9,7,7,3,0,0,7,7,15,7,0,8,2,,1,,0.33,
Function,"LoadIMode",,,,,,,,,,,,,,,,,,,2,1,0,1,1,1,0,0,0,2,1,1,0,0,1,1,,0,,0.00,
Function,"LoadPicNamed",,,,,,,,,,,,,,,,,,,3,27,0,27,10,21,1,0,0,11,23,26,9,0,17,4,,2,,0.04,
Static Function,"LookColor",,,,,,,,,,,,,,,,,,,6,4,0,4,1,3,0,0,0,2,3,2,0,0,2,1,,0,,0.00,
File,"MAGBITS.C",0,0,0,0,0,0.00,0.00,0,0,,,,0,,,,,,,234,23,68,4,0,38,101,8,,68,6,6,0,0,,0,0,,0.56,0
File,"MAGOPS.C",4,0,4,0,1,0.00,0.00,0,0,,,,7,,,,,,,141,26,96,22,8,16,0,3,,88,31,24,0,7,,2,0,,0.17,8
File,"MAGWIN.C",8,0,7,1,2,0.00,0.00,0,0,,,,10,,,,,,,216,32,119,41,42,49,18,6,,103,93,47,0,46,,3,1,,0.41,16
File,"MAINMAG.C",7,0,7,0,2,0.00,0.00,0,0,,,,32,,,,,,,451,68,304,107,136,28,44,11,,255,289,125,2,162,,6,2,,0.09,58
File,"MAKEICON.C",0,0,0,0,0,0.00,0.00,0,0,,,,0,,,,,,,237,23,164,69,64,42,0,14,,48,11,11,0,0,,0,0,,0.26,0
File,"MASKBLIT.C",0,0,0,0,0,0.00,0.00,0,0,,,,0,,,,,,,156,17,98,8,0,41,0,21,,88,9,9,0,0,,0,0,,0.42,0
File,"MENU.C",6,0,6,0,3,0.00,0.00,0,0,,,,16,,,,,,,454,65,268,368,70,38,63,31,,214,284,147,0,137,,22,2,,0.14,53
File,"MESSAGE.C",0,0,0,0,0,0.00,0.00,0,0,,,,0,,,,,,,29,6,14,16,0,5,0,3,,12,7,7,0,0,,0,0,,0.36,0
File,"MODES.C",3,0,3,0,1,0.00,0.00,0,0,,,,74,,,,,,,457,103,290,375,401,51,12,7,,277,341,183,2,156,,6,1,,0.18,93
File,"MOUSEBUT.C",6,0,6,0,3,0.00,0.00,0,0,,,,1,,,,,,,21,4,8,4,3,5,0,3,,6,11,6,0,5,,3,1,,0.63,3
Function,"MagCnst",,,,,,,,,,,,,,,,,,,4,8,0,8,3,5,0,0,0,2,12,11,2,0,9,1,,0,,0.00,
Function,"MagErr",,,,,,,,,,,,,,,,,,,2,1,0,1,1,1,0,0,0,2,2,2,1,0,1,1,,0,,0.00,
Function,"MagUpdate",,,,,,,,,,,,,,,,,,,10,31,3,27,6,8,9,0,0,3,18,16,6,0,10,3,,1,,0.33,
Struct,"MagWinGr",0,0,0,0,0,,,,,,,,,0,2,0,0,2,,4,0,4,1,0,0,0,0,,,3,3,0,0,,0,0,0,0.00,0
Struct,"MagWinRec",0,0,0,0,0,,,,,,,,,0,5,0,0,5,,7,0,7,1,0,4,0,0,,,5,5,0,0,,0,0,0,0.57,0
Function,"MakeButtonBeUp",,,,,,,,,,,,,,,,,,,0,1,0,1,1,0,0,0,0,1,1,0,0,0,0,1,,0,,0.00,
Function,"MakeEquivBM",,,,,,,,,,,,,,,,,,,3,6,0,6,3,3,0,0,0,3,4,5,2,0,3,2,,1,,0.00,
Static Function,"MakeMrgMask",,,,,,,,,,,,,,,,,,,4,5,0,5,2,3,0,0,0,2,2,4,1,1,2,2,,1,,0.00,
Function,"MaxMiLength",,,,,,,,,,,,,,,,,,,0,12,0,12,3,0,0,0,0,1,11,3,3,0,0,1,,0,,0.00,
Struct,"MenuRec",0,0,0,0,0,,,,,,,,,0,3,0,0,3,,5,0,5,1,0,2,0,0,,,3,3,0,0,,0,0,0,0.40,0
Function,"MergeSpare",,,,,,,,,,,,,,,,,,,3,14,0,14,4,7,0,0,0,4,10,11,4,0,7,2,,1,,0.00,
Function,"ModeMINum",,,,,,,,,,,,,,,,,,,2,1,0,1,1,1,0,0,0,1,2,1,0,0,1,1,,0,,0.00,
Static Function,"ModifyRGBHSVSliders",,,,,,,,,,,,,,,,,,,2,12,0,10,1,0,2,0,0,0,7,0,0,0,0,1,,0,,0.20,
Function,"MouseBut",,,,,,,,,,,,,,,,,,,4,6,0,6,1,3,0,0,0,1,4,6,1,0,5,3,,1,,0.00,
Function,"MrgSpareBack",,,,,,,,,,,,,,,,,,,1,1,0,1,1,1,0,0,0,2,2,2,0,0,2,1,,0,,0.00,
Function,"MrgSpareFront",,,,,,,,,,,,,,,,,,,1,1,0,1,1,1,0,0,0,2,2,2,0,0,2,1,,0,,0.00,
Function,"MrgSpareUpdt",,,,,,,,,,,,,,,,,,,1,7,0,7,2,2,0,0,0,2,4,3,1,0,2,1,,0,,0.00,
Function,"MyCloseFont",,,,,,,,,,,,,,,,,,,2,11,0,11,4,6,0,0,0,3,5,10,4,0,6,4,,3,,0.00,
Static Function,"MyVBlank",,,,,,,,,,,,,,,,,,,0,5,0,5,1,3,0,0,0,3,3,3,0,0,3,1,,0,,0.00,
Function,"NewButIMode",,,,,,,,,,,,,,,,,,,2,4,0,4,1,2,0,0,0,2,5,4,0,0,4,2,,1,,0.00,
Function,"NewDrawWhich",,,,,,,,,,,,,,,,,,,8,4,0,4,1,2,0,0,0,2,2,2,0,0,2,2,,1,,0.00,
Function,"NewIMode",,,,,,,,,,,,,,,,,,,17,24,0,24,4,19,2,0,0,21,19,23,3,0,20,5,,2,,0.08,
Static Function,"NewMode",,,,,,,,,,,,,,,,,,,5,20,3,17,4,13,1,0,0,4,11,14,5,0,9,4,,1,,0.06,
Function,"NextIMode",,,,,,,,,,,,,,,,,,,5,6,0,6,2,4,0,0,0,5,5,6,1,0,5,2,,1,,0.00,
Static Function,"NoEvent",,,,,,,,,,,,,,,,,,,1,1,0,1,1,1,0,0,0,3,3,3,0,0,3,1,,0,,0.00,
Function,"NoOpen",,,,,,,,,,,,,,,,,,,3,1,0,1,1,1,0,0,0,2,2,2,1,0,1,1,,0,,0.00,
Function,"NoSave",,,,,,,,,,,,,,,,,,,3,1,0,1,1,1,0,0,0,2,2,1,0,0,1,1,,0,,0.00,
Static Function,"NotEnough",,,,,,,,,,,,,,,,,,,1,4,0,4,3,2,0,0,0,2,2,4,2,0,2,1,,0,,0.00,
Function,"ObFlipX",,,,,,,,,,,,,,,,,,,2,10,0,10,4,7,0,0,0,6,9,12,4,0,8,2,,1,,0.00,
Function,"ObFlipY",,,,,,,,,,,,,,,,,,,2,10,0,10,1,7,0,0,0,6,9,9,1,0,8,2,,1,,0.00,
Function,"OffCycPaint",,,,,,,,,,,,,,,,,,,1,1,0,1,1,1,0,0,0,3,2,2,0,0,2,1,,0,,0.00,
Function,"OffRefrAfterOv",,,,,,,,,,,,,,,,,,,4,1,0,1,1,1,0,0,0,2,1,1,0,0,1,1,,0,,0.00,
Function,"OnCycPaint",,,,,,,,,,,,,,,,,,,1,1,0,1,1,1,0,0,0,3,2,2,0,0,2,1,,0,,0.00,
Function,"OnRefrAfterOv",,,,,,,,,,,,,,,,,,,4,1,0,1,1,1,0,0,0,2,1,1,0,0,1,1,,0,,0.00,
Function,"OneBitPen",,,,,,,,,,,,,,,,,,,3,6,0,6,2,3,0,0,0,4,4,4,1,0,3,1,,0,,0.00,
Function,"OpenPic",,,,,,,,,,,,,,,,,,,1,13,0,13,7,7,1,0,0,6,8,13,6,0,7,3,,2,,0.08,
Static Function,"Output",,,,,,,,,,,,,,,,,,,6,25,0,22,4,12,1,1,2,10,13,14,3,0,11,3,,2,,0.05,
Function,"OvflMsg",,,,,,,,,,,,,,,,,,,0,1,0,1,1,1,0,0,0,2,1,2,1,0,1,1,,0,,0.00,
Function,"OvsEnd",,,,,,,,,,,,,,,,,,,0,8,0,8,2,4,0,0,0,2,2,5,1,0,4,3,,2,,0.00,
Function,"OvsPrepare",,,,,,,,,,,,,,,,,,,0,2,0,2,2,1,0,0,0,2,2,4,1,0,3,2,,1,,0.00,
File,"PACKER.H",0,0,0,0,0,0.00,0.00,0,0,,,,0,,,,,,,37,5,5,4,1,20,0,6,,5,6,6,0,0,,0,0,,4.00,0
File,"PACKERF.C",0,0,0,0,0,0.00,0.00,0,0,,,,0,,,,,,,112,14,69,5,1,29,0,10,,56,6,6,0,0,,0,0,,0.42,0
File,"PAINTW.C",6,0,6,0,2,0.00,0.00,0,0,,,,23,,,,,,,429,54,329,127,211,69,9,12,,281,265,128,0,137,,5,2,,0.21,47
File,"PALBMS.C",0,0,0,0,0,0.00,0.00,0,0,,,,0,,,,,,,42,6,25,0,0,12,0,4,,3,2,2,0,0,,0,0,,0.48,0
File,"PALETTE.C",20,3,16,3,4,0.00,0.00,0,0,,,,31,,,,,,,1337,227,788,633,1331,312,0,137,,591,552,196,11,345,,23,3,,0.40,117
File,"PANE.C",12,0,10,1,3,0.00,0.00,0,0,,,,23,,,,,,,417,54,274,93,101,46,31,24,,217,224,96,10,118,,13,4,,0.17,62
Function,"PBlendPix",,,,,,,,,,,,,,,,,,,0,11,0,11,1,2,0,0,0,1,6,2,0,0,2,2,,1,,0.00,
File,"PENMENU.C",0,0,0,0,0,0.00,0.00,0,0,,,,0,,,,,,,29,4,22,22,22,2,0,0,,1,1,1,0,0,,0,0,,0.09,0
Function,"PFillBox",,,,,,,,,,,,,,,,,,,8,5,0,5,4,2,0,0,0,3,3,5,3,0,2,2,,1,,0.00,
Function,"PFloodArea",,,,,,,,,,,,,,,,,,,2,5,1,3,2,1,1,0,0,2,1,2,1,0,1,1,,0,,0.33,
Function,"PFloodBndry",,,,,,,,,,,,,,,,,,,3,1,0,1,1,1,0,0,0,2,1,2,1,0,1,1,,0,,0.00,
File,"PGRAPH.C",5,0,5,0,2,0.00,0.00,0,0,,,,23,,,,,,,313,53,202,226,61,37,8,24,,159,139,76,0,63,,6,3,,0.18,37
Function,"PInvertBox",,,,,,,,,,,,,,,,,,,1,5,0,5,1,3,0,0,0,4,4,3,0,0,3,1,,0,,0.00,
Function,"PInvertXHair",,,,,,,,,,,,,,,,,,,3,6,0,6,2,4,0,0,0,5,5,5,1,0,4,1,,0,,0.00,
File,"PLBM.H",0,0,0,0,0,0.00,0.00,0,0,,,,0,,,,,,,101,18,45,41,4,40,0,11,,36,43,43,0,0,,0,0,,0.89,0
Function,"PListen",,,,,,,,,,,,,,,,,,,3,75,8,54,13,28,9,0,6,14,37,49,14,4,31,13,,4,,0.17,
File,"PNTS.H",0,0,0,0,0,0.00,0.00,0,0,,,,0,,,,,,,28,2,8,0,0,11,0,12,,7,1,1,0,0,,0,0,,1.38,0
File,"POLYF.C",7,0,7,0,1,0.00,0.00,0,0,,,,14,,,,,,,155,24,117,44,131,9,0,6,,103,107,57,0,50,,3,2,,0.08,19
File,"POLYH.C",4,0,4,0,1,0.00,0.00,0,0,,,,7,,,,,,,57,12,33,32,45,6,0,5,,28,43,24,0,19,,2,1,,0.18,8
File,"PRINT.C",8,0,8,0,1,0.00,0.00,0,0,,,,1,,,,,,,64,6,49,17,3,5,0,3,,39,31,28,0,3,,1,0,,0.10,1
File,"PRISM.C",5,0,5,0,1,0.00,0.00,0,0,,,,26,,,,,,,380,61,252,370,80,55,8,18,,205,248,173,0,75,,4,3,,0.22,37
File,"PRISM.H",0,0,0,0,0,0.00,0.00,0,0,,,,0,,,,,,,415,67,71,0,0,124,0,194,,75,105,105,0,0,,0,0,,1.75,0
Function,"PReadPix",,,,,,,,,,,,,,,,,,,3,1,0,1,1,1,0,0,0,2,2,2,1,0,1,1,,0,,0.00,
File,"PSYM.C",17,0,17,1,3,0.00,0.00,0,0,,,,3,,,,,,,133,22,81,16,18,19,0,13,,83,42,25,0,17,,6,1,,0.23,8
Function,"PShadePix",,,,,,,,,,,,,,,,,,,1,12,0,12,2,4,0,0,0,0,6,8,1,0,7,6,,3,,0.00,
Function,"PSmearPix",,,,,,,,,,,,,,,,,,,2,6,0,6,1,2,0,0,0,2,4,3,0,0,3,2,,1,,0.00,
Function,"PThinFrame",,,,,,,,,,,,,,,,,,,4,6,0,6,2,4,0,0,0,3,5,5,1,0,4,1,,0,,0.00,
Function,"PWritePix",,,,,,,,,,,,,,,,,,,4,6,0,4,3,2,0,0,2,2,2,4,2,0,2,2,,1,,0.00,
Function,"PaintDivider",,,,,,,,,,,,,,,,,,,4,13,1,12,5,8,0,0,0,4,8,12,4,0,8,2,,1,,0.00,
Function,"PaintIt",,,,,,,,,,,,,,,,,,,0,1,0,1,1,1,0,0,0,4,4,7,3,0,4,1,,0,,0.00,
Function,"PaintOb",,,,,,,,,,,,,,,,,,,4,31,0,31,5,12,0,0,0,4,27,25,4,2,19,11,,2,,0.00,
Function,"PaintSym",,,,,,,,,,,,,,,,,,,1,1,0,1,1,1,0,0,0,3,3,3,0,0,3,1,,0,,0.00,
Function,"PaintWith",,,,,,,,,,,,,,,,,,,3,4,0,4,2,1,0,0,0,2,3,2,1,0,1,1,,0,,0.00,
Function,"PaletteTool",,,,,,,,,,,,,,,,,,,25,177,38,120,5,173,32,0,0,47,107,103,10,1,92,23,,1,,0.27,
Struct,"Pane0",0,0,0,0,0,,,,,,,,,0,7,0,0,7,,7,0,7,1,0,0,0,0,,,7,7,0,0,,0,0,0,0.00,0
Static Function,"PaneDelete",,,,,,,,,,,,,,,,,,,4,10,0,10,4,3,0,0,0,4,10,10,3,1,6,5,,2,,0.00,
Function,"PaneFakeMove",,,,,,,,,,,,,,,,,,,1,1,0,1,1,1,0,0,0,2,1,1,0,0,1,1,,0,,0.00,
Function,"PaneInit",,,,,,,,,,,,,,,,,,,0,1,0,1,1,0,0,0,0,1,1,0,0,0,0,1,,0,,0.00,
Function,"PaneInstall",,,,,,,,,,,,,,,,,,,4,5,0,5,2,3,0,0,0,5,4,4,1,0,3,1,,0,,0.00,
Function,"PanePaint",,,,,,,,,,,,,,,,,,,3,3,0,3,1,1,0,0,0,2,3,2,0,0,2,2,,1,,0.00,
Static Function,"PanePaintList",,,,,,,,,,,,,,,,,,,4,4,0,4,1,2,0,0,0,2,3,3,0,0,3,2,,1,,0.00,
Function,"PaneRefrAll",,,,,,,,,,,,,,,,,,,8,3,0,3,1,1,1,0,0,2,1,2,0,0,2,2,,1,,0.33,
Function,"PaneRefresh",,,,,,,,,,,,,,,,,,,3,5,0,5,3,0,0,0,0,1,6,4,4,0,0,1,,0,,0.00,
Function,"PaneRemove",,,,,,,,,,,,,,,,,,,3,1,0,1,1,1,0,0,0,2,2,1,0,0,1,1,,0,,0.00,
Function,"PaneReset",,,,,,,,,,,,,,,,,,,0,1,0,1,1,0,0,0,0,1,1,0,0,0,0,1,,0,,0.00,
Function,"PaneStop",,,,,,,,,,,,,,,,,,,0,1,0,1,1,0,0,0,0,1,1,0,0,0,0,1,,0,,0.00,
Function,"Panic",,,,,,,,,,,,,,,,,,,0,3,0,3,1,1,0,0,0,1,1,1,0,0,1,1,,0,,0.00,
Function,"PatHLine",,,,,,,,,,,,,,,,,,,6,11,0,8,3,5,0,1,2,1,8,10,2,0,8,5,,1,,0.00,
Function,"PauseCCyc",,,,,,,,,,,,,,,,,,,2,1,0,1,1,1,0,0,0,4,3,4,0,0,4,2,,1,,0.00,
Function,"PenWPaint",,,,,,,,,,,,,,,,,,,3,13,0,13,6,6,0,0,0,4,10,12,5,0,7,2,,1,,0.00,
Function,"PlugChProc",,,,,,,,,,,,,,,,,,,4,1,0,1,1,1,0,0,0,2,2,1,0,0,1,1,,0,,0.00,
Function,"PopGrDest",,,,,,,,,,,,,,,,,,,10,6,0,6,1,4,0,0,0,6,4,4,0,0,4,1,,0,,0.00,
Static Function,"PrepBend",,,,,,,,,,,,,,,,,,,2,8,0,8,2,6,0,0,0,6,9,14,2,0,12,4,,1,,0.00,
Function,"PrintPic",,,,,,,,,,,,,,,,,,,0,8,0,8,5,3,0,0,0,4,5,7,4,0,3,1,,0,,0.00,
Function,"PushGrDest",,,,,,,,,,,,,,,,,,,11,8,0,8,1,6,0,0,0,6,8,6,0,0,6,1,,0,,0.00,
File,"RANDOM.C",3,0,3,0,1,0.00,0.00,0,0,,,,2,,,,,,,36,9,16,4,3,9,0,1,,15,8,6,0,2,,1,0,,0.56,2
File,"REMAP.C",11,0,10,1,2,0.00,0.00,0,0,,,,1,,,,,,,171,28,80,8,3,31,21,11,,79,13,9,0,4,,2,1,,0.39,2
File,"REQCOM.C",0,0,0,0,0,0.00,0.00,0,0,,,,0,,,,,,,74,11,26,1,0,16,6,15,,20,2,2,0,0,,0,0,,0.62,0
Function,"RGBSetsCurrentColor",,,,,,,,,,,,,,,,,,,1,3,0,3,1,1,0,0,0,2,1,1,0,0,1,1,,0,,0.00,
File,"ROT90.C",30,1,29,2,6,0.00,0.00,0,0,,,,2,,,,,,,79,7,60,17,28,11,0,3,,56,58,23,1,34,,7,4,,0.18,11
File,"ROTATE.C",4,0,4,0,1,0.00,0.00,0,0,,,,8,,,,,,,202,32,137,26,15,12,6,17,,135,52,37,0,15,,2,1,,0.09,9
Function,"RadSM",,,,,,,,,,,,,,,,,,,0,1,0,1,0,0,0,0,0,1,1,0,0,0,0,1,,0,,0.00,
Function,"Rand16",,,,,,,,,,,,,,,,,,,2,5,0,5,0,1,0,0,0,3,4,2,0,0,2,1,,0,,0.00,
Function,"Random",,,,,,,,,,,,,,,,,,,0,1,0,1,0,0,0,0,0,1,2,0,0,0,0,1,,0,,0.00,
Static Function,"Readable",,,,,,,,,,,,,,,,,,,3,3,0,3,1,2,0,0,0,1,2,1,0,0,1,2,,0,,0.00,
Function,"RecChange",,,,,,,,,,,,,,,,,,,3,4,0,4,2,2,0,0,0,2,3,3,1,0,2,2,,0,,0.00,
Function,"RecPnt",,,,,,,,,,,,,,,,,,,5,6,0,6,1,4,0,0,0,1,5,5,0,0,5,2,,1,,0.00,
Function,"RecTempChg",,,,,,,,,,,,,,,,,,,3,1,0,1,1,1,0,0,0,1,2,1,0,0,1,1,,0,,0.00,
Function,"RedoNames",,,,,,,,,,,,,,,,,,,0,4,0,4,2,1,0,0,0,2,2,2,1,0,1,1,,0,,0.00,
Function,"RelocBoxBM",,,,,,,,,,,,,,,,,,,4,5,0,5,3,3,0,0,0,3,4,5,2,0,3,1,,0,,0.00,
Function,"RemoveMag",,,,,,,,,,,,,,,,,,,6,12,0,12,4,10,0,0,0,9,10,14,3,0,11,2,,1,,0.00,
Function,"RepaintEverything",,,,,,,,,,,,,,,,,,,3,9,0,8,2,6,1,0,0,7,6,7,1,0,6,1,,0,,0.13,
Function,"ResetCursor",,,,,,,,,,,,,,,,,,,3,5,0,5,1,3,0,0,0,3,2,3,0,0,3,2,,1,,0.00,
Static Function,"ResetRange",,,,,,,,,,,,,,,,,,,7,20,3,14,3,18,7,0,0,6,12,15,2,0,13,4,,1,,0.50,
Function,"ResizeWins",,,,,,,,,,,,,,,,,,,4,16,2,9,3,3,0,3,2,2,7,5,2,0,3,2,,0,,0.00,
Function,"RestoreBrush",,,,,,,,,,,,,,,,,,,13,14,0,14,3,10,0,0,0,5,12,13,2,0,11,2,,1,,0.00,
Function,"RestoreMode",,,,,,,,,,,,,,,,,,,10,5,0,5,2,3,0,0,0,4,3,4,1,0,3,1,,0,,0.00,
Function,"RestorePalette",,,,,,,,,,,,,,,,,,,1,1,0,1,1,1,0,0,0,2,1,2,1,0,1,1,,0,,0.00,
Function,"ResumeCCyc",,,,,,,,,,,,,,,,,,,2,1,0,1,1,1,0,0,0,3,2,3,0,0,3,2,,1,,0.00,
Function,"RevertIMode",,,,,,,,,,,,,,,,,,,4,1,0,1,1,1,0,0,0,2,1,1,0,0,1,1,,0,,0.00,
Function,"RmvCP",,,,,,,,,,,,,,,,,,,5,7,0,7,2,5,0,0,0,3,5,6,1,0,5,1,,0,,0.00,
File,"SHADE.C",18,0,18,0,8,0.00,0.00,0,0,,,,1,,,,,,,195,24,86,20,36,23,51,14,,80,44,27,2,15,,8,1,,0.27,8
File,"SHEAR.C",7,0,7,0,2,0.00,0.00,0,0,,,,6,,,,,,,137,18,69,60,86,8,35,6,,60,63,30,0,33,,5,2,,0.12,12
File,"SPARE.C",7,0,7,0,2,0.00,0.00,0,0,,,,9,,,,,,,109,18,82,85,34,5,0,3,,66,82,43,1,38,,4,2,,0.06,17
File,"STRETCH.C",6,0,6,0,2,0.00,0.00,0,0,,,,8,,,,,,,237,29,171,32,118,25,4,14,,155,79,39,0,40,,5,2,,0.15,16
File,"SYMREQ.C",13,0,12,0,3,0.00,0.00,0,0,,,,4,,,,,,,376,69,240,287,23,59,2,25,,121,95,69,1,25,,6,2,,0.25,10
File,"SYSTEM.H",0,0,0,0,0,0.00,0.00,0,0,,,,0,,,,,,,76,20,0,0,0,22,0,33,,0,0,0,0,0,,0,0,,0.00,0
Function,"SaveBrsAs",,,,,,,,,,,,,,,,,,,1,13,0,13,2,7,1,0,0,5,8,8,1,0,7,3,,2,,0.08,
Function,"SaveBrsNamed",,,,,,,,,,,,,,,,,,,2,24,0,24,4,12,0,0,0,8,25,19,3,0,16,3,,1,,0.00,
Function,"SaveBrush",,,,,,,,,,,,,,,,,,,6,9,0,9,1,4,0,0,0,4,7,6,1,0,5,2,,1,,0.00,
Function,"SaveCurPic",,,,,,,,,,,,,,,,,,,2,20,0,20,7,7,0,0,0,2,12,15,6,0,9,6,,4,,0.00,
Function,"SavePic",,,,,,,,,,,,,,,,,,,1,10,0,10,2,7,1,0,0,8,6,9,1,0,8,3,,2,,0.10,
Function,"SavePicAs",,,,,,,,,,,,,,,,,,,2,8,0,8,3,5,1,0,0,6,6,8,2,0,6,2,,1,,0.13,
Function,"SavePicNamed",,,,,,,,,,,,,,,,,,,3,28,0,28,3,14,0,0,0,9,26,19,3,0,16,3,,1,,0.00,
Function,"SaveSizeBM",,,,,,,,,,,,,,,,,,,1,3,0,3,2,0,0,0,0,1,3,1,1,0,0,1,,0,,0.00,
Function,"ScreenDest",,,,,,,,,,,,,,,,,,,6,1,0,1,1,1,0,0,0,2,1,2,1,0,1,1,,0,,0.00,
Function,"SelPen",,,,,,,,,,,,,,,,,,,4,29,0,29,9,21,2,0,0,8,23,38,9,0,29,11,,3,,0.07,
Function,"SetAirBRad",,,,,,,,,,,,,,,,,,,3,3,0,3,1,1,0,0,0,3,5,3,0,0,3,2,,0,,0.00,
Function,"SetBGCol",,,,,,,,,,,,,,,,,,,2,1,0,1,1,1,0,0,0,2,2,2,1,0,1,1,,0,,0.00,
Function,"SetClipBox",,,,,,,,,,,,,,,,,,,5,5,0,5,1,2,0,0,0,3,4,2,0,0,2,1,,0,,0.00,
Function,"SetColReg",,,,,,,,,,,,,,,,,,,5,3,0,3,1,1,0,0,0,2,2,1,0,0,1,1,,0,,0.00,
Function,"SetCurWin",,,,,,,,,,,,,,,,,,,1,1,0,1,1,1,0,0,0,2,2,1,0,0,1,1,,0,,0.00,
Function,"SetCurrentColor",,,,,,,,,,,,,,,,,,,7,8,0,8,1,6,2,0,0,7,7,7,0,0,7,2,,1,,0.25,
Function,"SetCursor",,,,,,,,,,,,,,,,,,,4,5,0,5,1,3,0,0,0,4,4,6,0,0,6,3,,1,,0.00,
Function,"SetCycPaint",,,,,,,,,,,,,,,,,,,5,6,0,6,2,4,0,0,0,4,6,6,1,0,5,2,,1,,0.00,
Function,"SetEveryTime",,,,,,,,,,,,,,,,,,,1,5,0,5,1,1,0,0,0,2,3,1,0,0,1,1,,0,,0.00,
Function,"SetFGCol",,,,,,,,,,,,,,,,,,,3,1,0,1,1,1,0,0,0,2,2,2,1,0,1,1,,0,,0.00,
Function,"SetMagContext",,,,,,,,,,,,,,,,,,,4,7,0,7,1,5,0,0,0,4,6,6,0,0,6,2,,1,,0.00,
Function,"SetModeMenu",,,,,,,,,,,,,,,,,,,5,13,0,13,5,7,0,0,0,6,12,15,5,0,10,4,,2,,0.00,
Function,"SetNextIMode",,,,,,,,,,,,,,,,,,,3,1,0,1,1,1,0,0,0,2,2,1,0,0,1,1,,0,,0.00,
Function,"SetPaintCursor",,,,,,,,,,,,,,,,,,,4,5,0,5,1,3,0,0,0,2,4,4,0,0,4,3,,1,,0.00,
Function,"SetPeriodicCall",,,,,,,,,,,,,,,,,,,2,1,0,1,1,1,0,0,0,2,2,1,0,0,1,1,,0,,0.00,
Function,"SetXorFgPen",,,,,,,,,,,,,,,,,,,1,9,0,9,1,0,0,0,0,1,8,0,0,0,0,1,,0,,0.00,
Static Function,"SetXorFgPen",,,,,,,,,,,,,,,,,,,1,9,0,9,1,0,0,0,0,0,8,0,0,0,0,1,,0,,0.00,
Function,"SharingBitMap",,,,,,,,,,,,,,,,,,,1,1,0,1,1,1,0,0,0,1,1,1,0,0,1,1,,0,,0.00,
Static Function,"ShowBMOB",,,,,,,,,,,,,,,,,,,5,14,0,14,1,9,0,0,0,3,8,9,0,0,9,3,,1,,0.00,
Function,"ShowFB",,,,,,,,,,,,,,,,,,,4,5,0,5,2,4,0,0,0,4,6,9,1,0,8,3,,1,,0.00,
Function,"ShowPallet",,,,,,,,,,,,,,,,,,,4,23,0,23,13,17,1,0,0,15,25,37,12,4,21,6,,2,,0.04,
Function,"SimpleOps",,,,,,,,,,,,,,,,,,,2,1,0,1,1,1,0,0,0,2,2,1,0,0,1,1,,0,,0.00,
Function,"SizeAirBrush",,,,,,,,,,,,,,,,,,,1,8,0,8,1,3,0,0,0,4,6,3,0,0,3,1,,0,,0.00,
Function,"SizeAirOrPen",,,,,,,,,,,,,,,,,,,1,8,0,8,3,6,0,0,0,7,6,8,2,0,6,1,,0,,0.00,
Static Function,"SizePenBM",,,,,,,,,,,,,,,,,,,3,8,0,8,3,5,0,0,0,4,4,8,2,0,6,3,,2,,0.00,
Function,"SolidPattern",,,,,,,,,,,,,,,,,,,1,1,0,1,1,1,0,0,0,2,1,2,1,0,1,1,,0,,0.00,
Function,"SpecSymCenter",,,,,,,,,,,,,,,,,,,0,1,0,1,1,1,0,0,0,1,1,2,1,0,1,1,,0,,0.00,
Function,"SplatOp",,,,,,,,,,,,,,,,,,,0,3,0,3,1,0,0,0,0,1,1,0,0,0,0,1,,0,,0.00,
Static Function,"StartCCyc",,,,,,,,,,,,,,,,,,,2,6,0,6,3,4,0,0,0,3,5,8,2,0,6,2,,1,,0.00,
Static Function,"StartText",,,,,,,,,,,,,,,,,,,0,5,0,5,1,2,0,0,0,2,3,2,0,0,2,1,,0,,0.00,
Static Function,"StartVBlank",,,,,,,,,,,,,,,,,,,2,10,0,10,2,4,0,0,0,3,8,5,1,0,4,1,,0,,0.00,
Static Function,"StopCCyc",,,,,,,,,,,,,,,,,,,3,6,0,6,3,4,0,0,0,3,4,7,2,0,5,2,,1,,0.00,
Static Function,"StopVBlank",,,,,,,,,,,,,,,,,,,1,1,0,1,1,1,0,0,0,2,1,2,1,0,1,1,,0,,0.00,
Function,"StrBrTo",,,,,,,,,,,,,,,,,,,10,12,0,11,5,9,1,0,0,7,10,18,5,0,13,5,,1,,0.09,
Function,"Stroke3",,,,,,,,,,,,,,,,,,,3,4,0,4,1,3,0,0,0,2,3,2,0,0,2,1,,0,,0.00,
Function,"StuffReqNames",,,,,,,,,,,,,,,,,,,3,30,0,25,3,23,0,3,2,8,23,31,5,0,26,8,,2,,0.00,
Function,"SwapHidScr",,,,,,,,,,,,,,,,,,,2,9,0,9,4,5,0,0,0,5,5,8,3,0,5,2,,1,,0.00,
Function,"SwapSpare",,,,,,,,,,,,,,,,,,,2,15,0,15,5,7,0,0,0,5,13,12,4,0,8,3,,1,,0.00,
Function,"SymCenter",,,,,,,,,,,,,,,,,,,2,1,0,1,1,1,0,0,0,2,4,1,0,0,1,1,,0,,0.00,
Function,"SymDo",,,,,,,,,,,,,,,,,,,4,33,0,33,4,3,3,0,0,1,32,6,4,0,2,1,,0,,0.09,
Static Function,"SymHandleEvent",,,,,,,,,,,,,,,,,,,0,23,1,16,2,7,0,2,4,3,12,12,1,1,10,6,,2,,0.00,
Static Function,"SymInitReq",,,,,,,,,,,,,,,,,,,0,13,0,13,3,11,0,0,0,5,11,13,2,0,11,1,,0,,0.00,
Function,"SymPts",,,,,,,,,,,,,,,,,,,2,5,0,5,2,3,0,0,0,4,4,6,1,0,5,2,,1,,0.00,
Static Function,"SzPen",,,,,,,,,,,,,,,,,,,2,2,0,2,1,2,0,0,0,2,1,2,1,0,1,1,,0,,0.00,
Static Function,"TBlink",,,,,,,,,,,,,,,,,,,0,3,0,3,1,2,0,0,0,4,3,4,0,0,4,2,,1,,0.00,
Static Function,"TBlinkClear",,,,,,,,,,,,,,,,,,,2,1,0,1,1,1,0,0,0,4,3,4,0,0,4,2,,1,,0.00,
Static Function,"TBlinkShow",,,,,,,,,,,,,,,,,,,1,1,0,1,1,1,0,0,0,3,2,3,0,0,3,2,,1,,0.00,
File,"TEXT.C",5,0,5,0,2,0.00,0.00,0,0,,,,14,,,,,,,200,35,143,49,45,11,6,7,,143,124,55,5,64,,11,2,,0.08,27
File,"TIMER.C",4,0,4,0,1,0.00,0.00,0,0,,,,3,,,,,,,63,7,28,7,4,24,0,4,,22,17,13,0,4,,2,1,,0.86,4
Function,"TempErase",,,,,,,,,,,,,,,,,,,3,6,0,6,2,2,0,0,0,3,4,3,1,0,2,1,,0,,0.00,
Function,"TempXOR",,,,,,,,,,,,,,,,,,,8,1,0,1,1,1,0,0,0,2,1,2,1,0,1,1,,0,,0.00,
Function,"TimerSigBit",,,,,,,,,,,,,,,,,,,1,3,0,3,1,1,0,0,0,1,2,1,0,0,1,1,,0,,0.00,
Function,"TmpAllocBitMap",,,,,,,,,,,,,,,,,,,1,19,0,15,3,1,0,2,2,1,10,4,3,0,1,1,,0,,0.00,
Function,"TogBoth",,,,,,,,,,,,,,,,,,,2,17,0,17,3,13,0,0,0,10,11,14,2,0,12,2,,1,,0.00,
Function,"TogColCyc",,,,,,,,,,,,,,,,,,,2,4,0,4,1,2,0,0,0,4,3,5,0,0,5,3,,1,,0.00,
Static Function,"TogCoords",,,,,,,,,,,,,,,,,,,0,1,0,1,1,1,0,0,0,1,1,1,0,0,1,1,,0,,0.00,
Function,"TogCursor",,,,,,,,,,,,,,,,,,,1,1,0,1,1,1,0,0,0,3,2,2,0,0,2,1,,0,,0.00,
Static Function,"TogFFB",,,,,,,,,,,,,,,,,,,0,1,0,1,1,1,0,0,0,1,2,2,1,0,1,1,,0,,0.00,
Function,"TogGridFixed",,,,,,,,,,,,,,,,,,,1,10,0,10,3,2,0,0,0,1,7,4,2,0,2,2,,1,,0.00,
Function,"TogGridSt",,,,,,,,,,,,,,,,,,,2,1,0,1,1,1,0,0,0,3,2,3,1,0,2,1,,0,,0.00,
Static Function,"TogMidHandle",,,,,,,,,,,,,,,,,,,0,1,0,1,1,1,0,0,0,1,1,1,0,0,1,1,,0,,0.00,
Function,"TogSymSt",,,,,,,,,,,,,,,,,,,2,1,0,1,1,1,0,0,0,3,2,3,1,0,2,1,,0,,0.00,
Function,"TogTitle",,,,,,,,,,,,,,,,,,,2,6,0,6,1,4,0,0,0,5,4,4,0,0,4,1,,0,,0.00,
Function,"ToggleMag",,,,,,,,,,,,,,,,,,,1,1,0,1,1,1,0,0,0,2,2,4,1,1,2,2,,1,,0.00,
Function,"ToglMagw",,,,,,,,,,,,,,,,,,,0,4,0,4,2,2,0,0,0,4,3,5,1,0,4,2,,1,,0.00,
Function,"TrackDown",,,,,,,,,,,,,,,,,,,2,9,0,9,1,6,0,0,0,7,9,12,0,0,12,4,,2,,0.00,
Function,"TrackUp",,,,,,,,,,,,,,,,,,,2,9,0,9,1,6,0,0,0,7,9,12,0,0,12,4,,2,,0.00,
Function,"TryOpenLib",,,,,,,,,,,,,,,,,,,2,5,0,5,2,1,0,0,0,2,5,4,1,0,3,2,,1,,0.00,
Function,"TurnSymOn",,,,,,,,,,,,,,,,,,,0,1,0,1,1,1,0,0,0,2,1,2,0,0,2,2,,1,,0.00,
File,"UNPACKER.C",0,0,0,0,0,0.00,0.00,0,0,,,,0,,,,,,,58,9,31,1,0,17,0,3,,26,1,1,0,0,,0,0,,0.55,0
Function,"UnDisplay",,,,,,,,,,,,,,,,,,,1,1,0,1,1,1,0,0,0,3,2,2,0,0,2,1,,0,,0.00,
Function,"UnFixMenCols",,,,,,,,,,,,,,,,,,,1,10,0,10,2,4,0,0,0,4,6,5,1,0,4,2,,1,,0.00,
Function,"UnZZZCursor",,,,,,,,,,,,,,,,,,,13,1,0,1,1,1,0,0,0,2,1,1,0,0,1,1,,0,,0.00,
Function,"Undo",,,,,,,,,,,,,,,,,,,1,7,0,7,3,4,0,0,0,5,9,16,2,0,14,5,,1,,0.00,
Function,"UndoHPoly",,,,,,,,,,,,,,,,,,,2,1,0,1,1,1,0,0,0,2,2,2,0,0,2,1,,0,,0.00,
Function,"UndoOff",,,,,,,,,,,,,,,,,,,0,1,0,1,1,1,0,0,0,2,1,1,0,0,1,1,,0,,0.00,
Function,"UndoOn",,,,,,,,,,,,,,,,,,,0,1,0,1,1,1,0,0,0,2,1,1,0,0,1,1,,0,,0.00,
Function,"UndoSave",,,,,,,,,,,,,,,,,,,21,13,0,13,6,9,0,0,0,10,11,19,5,0,14,4,,1,,0.00,
Function,"UpdtCach",,,,,,,,,,,,,,,,,,,8,8,0,8,4,5,0,0,0,6,6,9,3,0,6,2,,1,,0.00,
Function,"UpdtDisplay",,,,,,,,,,,,,,,,,,,6,1,0,1,1,1,0,0,0,4,3,3,0,0,3,1,,0,,0.00,
Function,"UpdtOFF",,,,,,,,,,,,,,,,,,,12,1,0,1,1,1,0,0,0,3,2,2,0,0,2,1,,0,,0.00,
Function,"UpdtON",,,,,,,,,,,,,,,,,,,7,1,0,1,1,1,0,0,0,3,2,2,0,0,2,1,,0,,0.00,
Function,"UpdtSibs",,,,,,,,,,,,,,,,,,,4,12,0,12,2,8,0,0,0,3,9,10,1,0,9,3,,1,,0.00,
Function,"UseBrPalette",,,,,,,,,,,,,,,,,,,1,5,0,5,3,3,0,0,0,3,2,5,2,0,3,2,,1,,0.00,
Function,"UseBrush",,,,,,,,,,,,,,,,,,,2,1,0,1,1,1,0,0,0,2,1,1,0,0,1,1,,0,,0.00,
Function,"UsePen",,,,,,,,,,,,,,,,,,,2,1,0,1,1,1,0,0,0,2,1,1,0,0,1,1,,0,,0.00,
Function,"UserBr",,,,,,,,,,,,,,,,,,,3,5,0,5,2,4,0,0,0,5,4,5,1,0,4,1,,0,,0.00,
Function,"UserPaintMode",,,,,,,,,,,,,,,,,,,3,8,0,8,5,5,0,0,0,6,9,13,4,0,9,3,,1,,0.00,
Static Function,"VLine",,,,,,,,,,,,,,,,,,,7,4,0,4,1,2,1,0,0,2,3,2,0,0,2,1,,0,,0.25,
Function,"VTypeOps",,,,,,,,,,,,,,,,,,,2,5,0,5,1,2,0,0,0,3,4,2,0,0,2,1,,0,,0.00,
Static Function,"WInvertGadget",,,,,,,,,,,,,,,,,,,4,17,1,14,4,10,2,0,0,3,10,13,5,0,8,2,,1,,0.14,
Function,"WaitRefrMessage",,,,,,,,,,,,,,,,,,,2,17,0,17,2,9,0,0,0,5,11,13,2,3,8,4,,3,,0.00,
Struct,"Winrec",0,0,0,0,0,,,,,,,,,0,8,0,0,8,,10,0,10,1,0,7,0,0,,,8,8,0,0,,0,0,0,0.70,0
Function,"XHTypeOps",,,,,,,,,,,,,,,,,,,3,5,0,5,2,2,0,0,0,3,5,3,1,0,2,2,,0,,0.00,
Function,"XorCol",,,,,,,,,,,,,,,,,,,3,14,0,14,4,9,0,0,0,6,12,13,3,0,10,2,,1,,0.00,
Function,"XorMode",,,,,,,,,,,,,,,,,,,5,4,0,4,2,2,0,0,0,3,3,3,1,0,2,1,,0,,0.00,
Function,"XorScreenBox",,,,,,,,,,,,,,,,,,,3,8,0,8,6,5,0,0,0,6,7,10,5,0,5,1,,0,,0.00,
Function,"ZZZCursor",,,,,,,,,,,,,,,,,,,13,1,0,1,1,1,0,0,0,2,1,1,0,0,1,1,,0,,0.00,
Function,"ZapBrushName",,,,,,,,,,,,,,,,,,,1,1,0,1,1,1,0,0,0,2,1,1,0,0,1,1,,0,,0.00,
Function,"ZapPicName",,,,,,,,,,,,,,,,,,,2,1,0,1,1,1,0,0,0,2,1,1,0,0,1,1,,0,,0.00,
Static Function,"_SetCC",,,,,,,,,,,,,,,,,,,8,30,3,23,4,16,5,0,0,9,16,26,4,0,22,6,,2,,0.22,
Static Function,"_Undo",,,,,,,,,,,,,,,,,,,6,15,1,11,2,7,5,0,0,5,10,11,2,0,9,2,,1,,0.45,
Static Function,"abDoDot",,,,,,,,,,,,,,,,,,,1,1,0,1,1,1,0,0,0,1,1,2,1,0,1,1,,0,,0.00,
Function,"afillproc",,,,,,,,,,,,,,,,,,,0,1,0,1,1,1,0,0,0,1,1,2,1,0,1,1,,0,,0.00,
Static Function,"airbsplat",,,,,,,,,,,,,,,,,,,0,5,0,5,3,1,0,0,0,2,3,3,2,0,1,1,,0,,0.00,
Static Function,"beginHbend",,,,,,,,,,,,,,,,,,,2,7,0,7,1,2,0,0,0,2,8,2,0,0,2,1,,0,,0.00,
Static Function,"beginVbend",,,,,,,,,,,,,,,,,,,2,7,0,7,1,1,0,0,0,1,8,1,0,0,1,1,,0,,0.00,
Function,"beginrot",,,,,,,,,,,,,,,,,,,0,1,0,1,1,0,0,0,0,1,2,0,0,0,0,1,,0,,0.00,
Static Function,"beginshr",,,,,,,,,,,,,,,,,,,1,5,0,4,1,4,1,0,0,2,2,2,0,0,2,1,,0,,0.25,
Function,"beginstr",,,,,,,,,,,,,,,,,,,1,4,0,4,1,3,0,0,0,2,2,2,0,0,2,1,,0,,0.00,
Function,"cDspPaint",,,,,,,,,,,,,,,,,,,2,16,0,16,6,7,0,0,0,6,15,13,5,0,8,2,,1,,0.00,
Static Function,"chvec",,,,,,,,,,,,,,,,,,,1,1,0,1,1,1,0,0,0,1,1,2,1,0,1,1,,0,,0.00,
Static Function,"chvec",,,,,,,,,,,,,,,,,,,1,1,0,1,1,1,0,0,0,1,1,2,1,0,1,1,,0,,0.00,
Static Function,"cir",,,,,,,,,,,,,,,,,,,0,1,0,1,1,1,0,0,0,1,1,2,1,0,1,1,,0,,0.00,
Function,"clrXHAndOb",,,,,,,,,,,,,,,,,,,0,1,0,1,1,1,0,0,0,3,2,2,0,0,2,1,,0,,0.00,
Function,"clrcrv",,,,,,,,,,,,,,,,,,,1,1,0,1,1,1,0,0,0,3,2,3,1,0,2,1,,0,,0.00,
Function,"complPoly",,,,,,,,,,,,,,,,,,,1,4,0,4,1,3,0,0,0,2,3,3,0,0,3,1,,0,,0.00,
Static Function,"crv",,,,,,,,,,,,,,,,,,,0,1,0,1,1,1,0,0,0,1,1,2,1,0,1,1,,0,,0.00,
Function,"diagOctChange",,,,,,,,,,,,,,,,,,,1,11,0,11,1,2,0,0,0,3,9,2,0,0,2,1,,0,,0.00,
Static Function,"div",,,,,,,,,,,,,,,,,,,4,5,0,5,1,3,0,0,0,2,4,4,0,0,4,2,,1,,0.00,
Static Function,"doColCon",,,,,,,,,,,,,,,,,,,1,9,0,9,4,6,0,0,0,5,11,19,3,0,16,6,,1,,0.00,
Function,"doRead",,,,,,,,,,,,,,,,,,,0,4,0,4,3,1,0,0,0,1,3,4,3,0,1,1,,0,,0.00,
Static Function,"doSpare",,,,,,,,,,,,,,,,,,,1,8,0,8,4,5,0,0,0,4,9,16,3,0,13,5,,1,,0.00,
Function,"doStretch",,,,,,,,,,,,,,,,,,,5,25,0,21,5,24,0,2,2,11,14,22,4,0,18,5,,2,,0.00,
Function,"doSymCenter",,,,,,,,,,,,,,,,,,,0,1,0,1,1,1,0,0,0,1,1,2,1,0,1,1,,0,,0.00,
Function,"dogrid",,,,,,,,,,,,,,,,,,,0,6,0,6,3,2,0,0,0,3,4,4,2,0,2,1,,0,,0.00,
Function,"domag",,,,,,,,,,,,,,,,,,,0,1,0,1,1,1,0,0,0,2,2,2,1,0,1,1,,0,,0.00,
Static Function,"dotmv",,,,,,,,,,,,,,,,,,,0,1,0,1,1,1,0,0,0,1,1,2,1,0,1,1,,0,,0.00,
Static Function,"doval",,,,,,,,,,,,,,,,,,,0,1,0,1,1,1,0,0,0,1,1,2,1,0,1,1,,0,,0.00,
Static Function,"drPoly",,,,,,,,,,,,,,,,,,,2,1,0,1,1,1,0,0,0,1,1,1,0,0,1,1,,0,,0.00,
Static Function,"drawGrid",,,,,,,,,,,,,,,,,,,2,17,0,17,2,8,1,0,0,4,16,14,5,0,9,2,,1,,0.06,
Static Function,"dummy",,,,,,,,,,,,,,,,,,,0,1,0,1,1,0,0,0,0,0,0,0,0,0,0,1,,0,,0.00,
Function,"endShrob",,,,,,,,,,,,,,,,,,,2,5,0,5,1,3,0,0,0,2,3,3,0,0,3,1,,0,,0.00,
Static Function,"endbend",,,,,,,,,,,,,,,,,,,2,18,0,18,6,13,3,0,0,7,12,20,5,0,15,4,,2,,0.17,
Function,"endrot",,,,,,,,,,,,,,,,,,,2,17,0,17,9,12,2,0,0,8,13,21,9,0,12,2,,1,,0.12,
Static Function,"fcir",,,,,,,,,,,,,,,,,,,0,1,0,1,1,1,0,0,0,1,1,2,1,0,1,1,,0,,0.00,
Static Function,"filbox",,,,,,,,,,,,,,,,,,,0,1,0,1,1,1,0,0,0,2,3,4,2,0,2,1,,0,,0.00,
Static Function,"foval",,,,,,,,,,,,,,,,,,,0,1,0,1,1,1,0,0,0,1,1,2,1,0,1,1,,0,,0.00,
Static Function,"fpolyBup",,,,,,,,,,,,,,,,,,,3,18,0,18,4,13,2,0,0,9,11,15,3,0,12,3,,2,,0.11,
Static Function,"frbox",,,,,,,,,,,,,,,,,,,0,3,0,3,2,1,0,0,0,2,3,4,2,0,2,1,,0,,0.00,
Function,"frobclr",,,,,,,,,,,,,,,,,,,0,1,0,1,1,1,0,0,0,2,2,2,1,0,1,1,,0,,0.00,
Function,"frobmv",,,,,,,,,,,,,,,,,,,0,1,0,1,1,1,0,0,0,2,2,1,0,0,1,1,,0,,0.00,
Function,"frobsh",,,,,,,,,,,,,,,,,,,1,1,0,1,1,1,0,0,0,2,2,3,2,0,1,1,,0,,0.00,
Function,"getch",,,,,,,,,,,,,,,,,,,1,13,0,13,2,3,0,0,0,3,8,5,2,0,3,2,,1,,0.00,
Function,"hsv2rgb",,,,,,,,,,,,,,,,,,,5,50,2,37,5,45,18,0,0,5,29,44,10,0,34,9,,2,,0.49,
Function,"iabs",,,,,,,,,,,,,,,,,,,1,1,0,1,1,1,0,0,0,1,2,1,0,0,1,2,,0,,0.00,
Static Function,"incline",,,,,,,,,,,,,,,,,,,0,1,0,1,1,1,0,0,0,1,1,2,1,0,1,1,,0,,0.00,
Function,"indexFromRate",,,,,,,,,,,,,,,,,,,2,12,0,12,3,6,0,0,0,1,9,10,3,0,7,3,,2,,0.00,
Static Function,"initStack",,,,,,,,,,,,,,,,,,,1,1,0,1,1,1,0,0,0,2,3,1,0,0,1,1,,0,,0.00,
Static Function,"invHbend",,,,,,,,,,,,,,,,,,,6,12,0,12,3,7,0,0,0,5,13,10,2,2,6,3,,1,,0.00,
Static Function,"invVbend",,,,,,,,,,,,,,,,,,,6,12,0,12,1,7,0,0,0,5,13,8,0,2,6,3,,1,,0.00,
Static Function,"invXH",,,,,,,,,,,,,,,,,,,1,1,0,1,1,1,0,0,0,1,1,2,1,0,1,1,,0,,0.00,
Function,"invrotb",,,,,,,,,,,,,,,,,,,0,1,0,1,1,0,0,0,0,1,1,0,0,0,0,1,,0,,0.00,
Function,"kbhit",,,,,,,,,,,,,,,,,,,0,1,0,1,0,1,0,0,0,1,1,1,0,0,1,1,,0,,0.00,
Function,"killFPoly",,,,,,,,,,,,,,,,,,,2,14,0,14,4,7,0,0,0,5,12,11,3,0,8,2,,1,,0.00,
Function,"killMag",,,,,,,,,,,,,,,,,,,0,1,0,1,1,1,0,0,0,1,1,2,1,0,1,1,,0,,0.00,
Function,"killShear",,,,,,,,,,,,,,,,,,,0,4,0,4,3,2,0,0,0,2,2,4,2,0,2,1,,0,,0.00,
Static Function,"killText",,,,,,,,,,,,,,,,,,,1,5,0,5,3,1,0,0,0,1,3,3,2,0,1,1,,0,,0.00,
Function,"lfsin",,,,,,,,,,,,,,,,,,,4,18,0,18,3,10,0,0,0,2,17,18,4,0,14,6,,1,,0.00,
Function,"mClearOB",,,,,,,,,,,,,,,,,,,2,7,0,7,2,1,0,0,0,2,5,2,1,0,1,1,,0,,0.00,
Function,"mClearToBg",,,,,,,,,,,,,,,,,,,2,9,0,9,4,6,0,0,0,7,7,9,3,0,6,1,,0,,0.00,
Function,"mDrawDot",,,,,,,,,,,,,,,,,,,3,1,0,1,1,1,0,0,0,2,2,2,1,0,1,1,,0,,0.00,
Function,"mFillPoly",,,,,,,,,,,,,,,,,,,2,21,0,21,10,4,0,0,0,3,23,15,10,0,5,2,,1,,0.00,
Function,"mFrame",,,,,,,,,,,,,,,,,,,3,6,0,6,2,3,0,0,0,4,5,4,1,0,3,1,,0,,0.00,
Function,"mOBFrame",,,,,,,,,,,,,,,,,,,1,8,0,8,2,0,0,0,0,1,7,1,1,0,0,1,,0,,0.00,
Function,"mRect",,,,,,,,,,,,,,,,,,,2,4,0,4,3,1,0,0,0,2,3,4,3,0,1,1,,0,,0.00,
Function,"magPaint",,,,,,,,,,,,,,,,,,,7,10,0,10,3,6,0,0,0,1,5,8,2,1,5,2,,1,,0.00,
Function,"magRect",,,,,,,,,,,,,,,,,,,6,12,0,12,4,9,0,0,0,4,11,13,4,0,9,1,,0,,0.00,
Function,"magRefresh",,,,,,,,,,,,,,,,,,,0,1,0,1,1,1,0,0,0,2,2,2,0,0,2,1,,0,,0.00,
Function,"main",,,,,,,,,,,,,,,,,,,2,13,0,10,7,8,3,1,2,9,10,15,6,0,9,2,,1,,0.30,
Function,"mainCproc",,,,,,,,,,,,,,,,,,,2,122,17,85,27,77,49,7,5,42,137,236,27,1,208,74,,2,,0.58,
Function,"mainRefresh",,,,,,,,,,,,,,,,,,,7,5,0,5,2,3,0,0,0,2,2,3,1,0,2,1,,0,,0.00,
Static Function,"markFStart",,,,,,,,,,,,,,,,,,,0,5,0,5,1,3,0,0,0,3,4,4,0,0,4,1,,0,,0.00,
Static Function,"markStart",,,,,,,,,,,,,,,,,,,0,1,0,1,1,1,0,0,0,1,2,2,0,0,2,1,,0,,0.00,
Function,"movXHAndOb",,,,,,,,,,,,,,,,,,,0,1,0,1,1,1,0,0,0,3,3,3,0,0,3,1,,0,,0.00,
Static Function,"mul",,,,,,,,,,,,,,,,,,,5,4,0,4,1,2,0,0,0,2,3,2,0,0,2,1,,0,,0.00,
Function,"nada",,,,,,,,,,,,,,,,,,,0,1,0,1,1,0,0,0,0,0,0,0,0,0,0,1,,0,,0.00,
Static Function,"noop",,,,,,,,,,,,,,,,,,,0,1,0,1,1,0,0,0,0,0,0,0,0,0,0,1,,0,,0.00,
Function,"nxtpoint",,,,,,,,,,,,,,,,,,,3,1,0,1,1,1,0,0,0,2,4,3,0,0,3,1,,0,,0.00,
Function,"obclr",,,,,,,,,,,,,,,,,,,2,1,0,1,1,1,0,0,0,1,1,2,1,0,1,1,,0,,0.00,
Function,"obmv",,,,,,,,,,,,,,,,,,,5,1,0,1,1,1,0,0,0,1,1,1,0,0,1,1,,0,,0.00,
Function,"obsplat",,,,,,,,,,,,,,,,,,,1,1,0,1,1,1,0,0,0,1,1,1,0,0,1,1,,0,,0.00,
Function,"pnDnMv",,,,,,,,,,,,,,,,,,,1,1,0,1,1,1,0,0,0,2,2,2,0,0,2,6,,0,,0.00,
Function,"pnDraw",,,,,,,,,,,,,,,,,,,2,16,0,16,2,5,0,0,0,3,16,7,1,1,5,2,,1,,0.00,
Function,"pnUpMv",,,,,,,,,,,,,,,,,,,0,1,0,1,1,1,0,0,0,2,3,3,0,0,3,1,,0,,0.00,
Static Function,"polyBup",,,,,,,,,,,,,,,,,,,1,10,0,10,2,7,0,0,0,4,7,7,1,0,6,2,,1,,0.00,
Function,"prbm",,,,,,,,,,,,,,,,,,,0,6,0,2,1,0,0,2,2,1,1,0,0,0,0,1,,0,,0.00,
Function,"rateFromIndex",,,,,,,,,,,,,,,,,,,2,6,0,6,2,3,0,0,0,1,5,4,1,0,3,1,,0,,0.00,
Function,"rgb2hsv",,,,,,,,,,,,,,,,,,,7,46,2,44,3,40,9,0,0,7,27,41,10,1,30,15,,4,,0.20,
Function,"rotob",,,,,,,,,,,,,,,,,,,0,1,0,1,1,0,0,0,0,1,2,1,1,0,0,1,,0,,0.00,
Static Function,"sbfrbox",,,,,,,,,,,,,,,,,,,0,1,0,1,1,1,0,0,0,2,3,4,2,0,2,1,,0,,0.00,
Function,"scrollKeys",,,,,,,,,,,,,,,,,,,4,23,0,12,5,4,0,7,4,2,8,9,4,0,5,4,,3,,0.00,
Function,"setGrOrg",,,,,,,,,,,,,,,,,,,1,4,0,4,1,2,0,0,0,2,2,1,0,0,1,1,,0,,0.00,
Function,"showXHAndOb",,,,,,,,,,,,,,,,,,,0,1,0,1,1,1,0,0,0,3,2,2,0,0,2,1,,0,,0.00,
Function,"showgrid",,,,,,,,,,,,,,,,,,,0,2,0,2,1,1,1,0,0,3,3,3,1,0,2,1,,0,,0.50,
Static Function,"shrob",,,,,,,,,,,,,,,,,,,3,16,0,16,4,13,0,0,0,6,9,14,4,0,10,5,,2,,0.00,
Function,"sqOctChange",,,,,,,,,,,,,,,,,,,1,11,0,11,1,2,0,0,0,3,9,2,0,0,2,1,,0,,0.00,
Static Function,"stopBlink",,,,,,,,,,,,,,,,,,,1,1,0,1,1,1,0,0,0,1,2,1,0,0,1,1,,0,,0.00,
Function,"strToLower",,,,,,,,,,,,,,,,,,,2,4,0,4,2,1,0,0,0,3,5,4,1,0,3,2,,1,,0.00,
Function,"strgrid",,,,,,,,,,,,,,,,,,,0,6,0,6,1,3,0,0,0,3,4,2,0,0,2,1,,0,,0.00,
Function,"symsplat",,,,,,,,,,,,,,,,,,,1,1,0,1,1,1,0,0,0,2,1,3,1,0,2,2,,1,,0.00,
Function,"szSet",,,,,,,,,,,,,,,,,,,0,10,0,10,4,5,0,0,0,4,6,8,3,1,4,2,,1,,0.00,
Static Function,"thinChVec",,,,,,,,,,,,,,,,,,,0,4,0,4,1,1,0,0,0,1,4,1,0,0,1,1,,0,,0.00,
Static Function,"thinChVec",,,,,,,,,,,,,,,,,,,0,4,0,4,1,1,0,0,0,2,4,2,0,0,2,1,,0,,0.00,
Static Function,"thinvec",,,,,,,,,,,,,,,,,,,0,4,0,4,1,1,0,0,0,1,4,1,0,0,1,1,,0,,0.00,
Static Function,"triplet",,,,,,,,,,,,,,,,,,,4,3,0,3,1,1,0,0,0,3,4,3,0,0,3,1,,0,,0.00,
Static Function,"unnormh",,,,,,,,,,,,,,,,,,,1,7,0,7,0,4,2,0,0,1,5,5,0,0,5,3,,1,,0.29,
Static Function,"unnormrgb",,,,,,,,,,,,,,,,,,,1,4,0,4,0,1,0,0,0,2,3,1,0,0,1,1,,0,,0.00,
Static Function,"unnormsv",,,,,,,,,,,,,,,,,,,2,5,0,5,0,2,0,0,0,2,4,3,0,0,3,2,,1,,0.00,
Function,"vec",,,,,,,,,,,,,,,,,,,1,1,0,1,1,1,0,0,0,1,1,1,0,0,1,1,,0,,0.00,
Static Function,"waiting_for_gadget_up",,,,,,,,,,,,,,,,,,,2,10,2,8,1,3,1,0,0,5,5,3,0,0,3,1,,0,,0.13,
Function,"whoa",,,,,,,,,,,,,,,,,,,1,1,0,1,1,0,0,0,0,1,0,0,0,0,0,1,,0,,0.00,
Function,"xmagbox",,,,,,,,,,,,,,,,,,,0,6,0,6,5,2,0,0,0,3,4,7,5,0,2,1,,0,,0.00,
Function,"xorPenBox",,,,,,,,,,,,,,,,,,,4,12,0,12,3,9,0,0,0,1,11,10,2,0,8,3,,1,,0.00,
