Source,Target,weight
AIRBRUSH.C,CCYCLE.C,1
AIRBRUSH.C,MODES.C,4
AIRBRUSH.C,PAINTW.C,4
AIRBRUSH.C,PNTS.H,5
AIRBRUSH.C,PRISM.H,9
AIRBRUSH.C,SYSTEM.H,1
BEND.C,BMOB.C,1
BEND.C,BOX.C,1
BEND.C,BRXFORM.C,5
BEND.C,CURSOR.C,2
BEND.C,PAINTW.C,8
BEND.C,PNTS.H,23
BEND.C,PRISM.C,33
BEND.C,PRISM.H,29
BEND.C,ROTATE.C,6
BEND.C,SYSTEM.H,1
BITMAPS.C,PRISM.H,22
BITMAPS.C,SYSTEM.H,1
BLEND.C,PRISM.C,3
BLEND.C,PRISM.H,8
BLEND.C,SYSTEM.H,1
BLITOPS.C,PRISM.H,5
BLITOPS.C,SYSTEM.H,1
BMOB.C,BITMAPS.C,13
BMOB.C,BLEND.C,1
BMOB.C,PAINTW.C,1
BMOB.C,PGRAPH.C,14
BMOB.C,PRISM.C,14
BMOB.C,PRISM.H,92
BMOB.C,SHADE.C,1
BMOB.C,SYSTEM.H,1
BOX.C,PRISM.H,40
BOX.C,SYSTEM.H,1
BRXFORM.C,BITMAPS.C,10
BRXFORM.C,BMOB.C,3
BRXFORM.C,CURSOR.C,4
BRXFORM.C,PGRAPH.C,1
BRXFORM.C,PRISM.C,27
BRXFORM.C,PRISM.H,24
BRXFORM.C,SYSTEM.H,1
CCYCLE.C,PALETTE.C,20
CCYCLE.C,PGRAPH.C,2
CCYCLE.C,PRISM.H,31
CCYCLE.C,SYSTEM.H,1
CHPROC.C,AIRBRUSH.C,2
CHPROC.C,BRXFORM.C,2
CHPROC.C,CCYCLE.C,2
CHPROC.C,CURSOR.C,1
CHPROC.C,DISPNUM.C,2
CHPROC.C,DOPALETT.C,1
CHPROC.C,KEYJUNK.C,1
CHPROC.C,MAGWIN.C,2
CHPROC.C,MAINMAG.C,7
CHPROC.C,MENU.C,1
CHPROC.C,MODES.C,3
CHPROC.C,PAINTW.C,24
CHPROC.C,PANE.C,1
CHPROC.C,PNTS.H,7
CHPROC.C,PRISM.C,12
CHPROC.C,PRISM.H,61
CHPROC.C,ROT90.C,1
CHPROC.C,SPARE.C,1
CHPROC.C,STRETCH.C,2
CHPROC.C,SYSTEM.H,1
CLIP.C,SYSTEM.H,1
CONIC.C,PRISM.H,4
CONIC.C,SYSTEM.H,1
CTRPAN.C,BITMAPS.C,1
CTRPAN.C,PANE.C,8
CTRPAN.C,PGRAPH.C,11
CTRPAN.C,PRISM.C,16
CTRPAN.C,PRISM.H,84
CTRPAN.C,SYSTEM.H,1
CURBRUSH.C,BITMAPS.C,1
CURBRUSH.C,BMOB.C,1
CURBRUSH.C,CURSOR.C,1
CURBRUSH.C,MENU.C,1
CURBRUSH.C,MODES.C,2
CURBRUSH.C,PAINTW.C,1
CURBRUSH.C,PRISM.C,23
CURBRUSH.C,PRISM.H,29
CURBRUSH.C,SYSTEM.H,1
CURSOR.C,PRISM.H,16
CURSOR.C,SYSTEM.H,1
DALLOC.C,exec\memory.h,1
DALLOC.C,exec\nodes.h,1
DALLOC.C,exec\types.h,1
DISPNUM.C,PRISM.C,6
DISPNUM.C,PRISM.H,16
DISPNUM.C,SYSTEM.H,1
DISTANCE.C,exec\types.h,1
DOPALETT.C,CCYCLE.C,11
DOPALETT.C,DISPNUM.C,1
DOPALETT.C,MAINMAG.C,3
DOPALETT.C,PANE.C,2
DOPALETT.C,PGRAPH.C,1
DOPALETT.C,PRISM.C,2
DOPALETT.C,PRISM.H,4
DOPALETT.C,SYSTEM.H,1
DOSYMREQ.C,MAINMAG.C,2
DOSYMREQ.C,PRISM.C,2
DOSYMREQ.C,PRISM.H,2
DOSYMREQ.C,SYSTEM.H,1
DPIFF.C,DPIFF.H,12
DPIFF.C,PRISM.H,2
DPIFF.C,SYSTEM.H,1
DPIFF.H,iff\ilbm.h,1
DPIFF.H,PALETTE.C,1
DPIFF.H,PRISM.H,1
DPINIT.C,BITMAPS.C,1
DPINIT.C,BMOB.C,4
DPINIT.C,CCYCLE.C,1
DPINIT.C,CHPROC.C,2
DPINIT.C,CURSOR.C,1
DPINIT.C,DISPNUM.C,1
DPINIT.C,DPHOOK.H,1
DPINIT.C,DPINIT2.C,2
DPINIT.C,FONTINIT.C,1
DPINIT.C,librarie\dosexten.h,1
DPINIT.C,MAGWIN.C,1
DPINIT.C,MAINMAG.C,15
DPINIT.C,MENU.C,1
DPINIT.C,PANE.C,1
DPINIT.C,PGRAPH.C,3
DPINIT.C,PRISM.C,59
DPINIT.C,PRISM.H,40
DPINIT.C,SYSTEM.H,1
DPINIT.C,workbenc\startup.h,1
DPINIT2.C,CTRPAN.C,2
DPINIT2.C,PRISM.H,16
DPINIT2.C,SYSTEM.H,1
DPIO.C,BMOB.C,1
DPIO.C,BRXFORM.C,1
DPIO.C,CCYCLE.C,3
DPIO.C,CURBRUSH.C,1
DPIO.C,CURSOR.C,8
DPIO.C,DPIFF.C,1
DPIO.C,DPIFF.H,17
DPIO.C,FNREQ.H,6
DPIO.C,INITREAD.C,2
DPIO.C,INITWRIT.C,3
DPIO.C,librarie\dos.h,1
DPIO.C,MAINMAG.C,1
DPIO.C,MODES.C,1
DPIO.C,PAINTW.C,1
DPIO.C,PALETTE.C,2
DPIO.C,PANE.C,5
DPIO.C,PRISM.C,24
DPIO.C,PRISM.H,22
DPIO.C,SYSTEM.H,1
FILL.C,PRISM.H,4
FILL.C,SYSTEM.H,1
FNREQ.C,clib\ctype.h,1
FNREQ.C,FNREQ.H,4
FNREQ.C,librarie\dos.h,1
FNREQ.C,SYSTEM.H,1
FONTINIT.C,CURSOR.C,2
FONTINIT.C,DPINIT2.C,1
FONTINIT.C,librarie\diskfont.h,1
FONTINIT.C,librarie\dosexten.h,1
FONTINIT.C,MAINMAG.C,1
FONTINIT.C,MENU.C,2
FONTINIT.C,PANE.C,1
FONTINIT.C,PRISM.C,9
FONTINIT.C,PRISM.H,1
FONTINIT.C,SYSTEM.H,1
GEOM.C,PRISM.H,7
GEOM.C,SYSTEM.H,1
HOOK.C,SYSTEM.H,1
HSV.C,exec\types.h,1
IFFR.C,iff\iff.h,1
IFFW.C,iff\iff.h,1
ILBMR.C,iff\ilbm.h,1
ILBMR.C,iff\packer.h,1
ILBMW.C,iff\ilbm.h,1
ILBMW.C,iff\packer.h,1
INTUALL.H,clib\macros.h,1
INTUALL.H,devices\inputevent.h,1
INTUALL.H,devices\keymap.h,1
INTUALL.H,devices\timer.h,1
INTUALL.H,exec\devices.h,1
INTUALL.H,exec\interrupts.h,1
INTUALL.H,exec\io.h,1
INTUALL.H,exec\libraries.h,1
INTUALL.H,exec\lists.h,1
INTUALL.H,exec\memory.h,1
INTUALL.H,exec\nodes.h,1
INTUALL.H,exec\ports.h,1
INTUALL.H,exec\tasks.h,1
INTUALL.H,exec\types.h,1
INTUALL.H,graphics\clip.h,1
INTUALL.H,graphics\copper.h,1
INTUALL.H,graphics\display.h,1
INTUALL.H,graphics\gels.h,1
INTUALL.H,graphics\gfx.h,1
INTUALL.H,graphics\gfxbase.h,1
INTUALL.H,graphics\gfxmacros.h,1
INTUALL.H,graphics\layers.h,1
INTUALL.H,graphics\rastport.h,1
INTUALL.H,graphics\regions.h,1
INTUALL.H,graphics\text.h,1
INTUALL.H,graphics\view.h,1
INTUALL.H,hardware\blit.h,1
INTUALL.H,intuition\intuition.h,1
INTUALL.H,librarie\dos.h,1
INTUALL.H,workbench\startup.h,1
KEYJUNK.C,SYSTEM.H,1
MAGBITS.C,PRISM.H,10
MAGBITS.C,SYSTEM.H,1
MAGOPS.C,BMOB.C,1
MAGOPS.C,MAGWIN.C,2
MAGOPS.C,MODES.C,1
MAGOPS.C,PAINTW.C,1
MAGOPS.C,PGRAPH.C,1
MAGOPS.C,PRISM.H,11
MAGOPS.C,SYSTEM.H,1
MAGWIN.C,BOX.C,1
MAGWIN.C,MODES.C,4
MAGWIN.C,PAINTW.C,1
MAGWIN.C,PGRAPH.C,9
MAGWIN.C,PRISM.C,2
MAGWIN.C,PRISM.H,29
MAGWIN.C,SYSTEM.H,1
MAINMAG.C,BOX.C,6
MAINMAG.C,CCYCLE.C,1
MAINMAG.C,CTRPAN.C,3
MAINMAG.C,DISPNUM.C,1
MAINMAG.C,MAGWIN.C,7
MAINMAG.C,PAINTW.C,8
MAINMAG.C,PALETTE.C,2
MAINMAG.C,PANE.C,3
MAINMAG.C,PGRAPH.C,9
MAINMAG.C,PNTS.H,7
MAINMAG.C,POLYH.C,1
MAINMAG.C,PRISM.C,36
MAINMAG.C,PRISM.H,70
MAINMAG.C,SPARE.C,1
MAINMAG.C,SYSTEM.H,1
MAKEICON.C,SYSTEM.H,1
MASKBLIT.C,PRISM.H,7
MASKBLIT.C,SYSTEM.H,1
MENU.C,BRXFORM.C,3
MENU.C,CCYCLE.C,3
MENU.C,CURBRUSH.C,4
MENU.C,DISPNUM.C,1
MENU.C,DOPALETT.C,1
MENU.C,DPIO.C,5
MENU.C,FONTINIT.C,1
MENU.C,librarie\diskfont.h,1
MENU.C,MODES.C,1
MENU.C,PAINTW.C,9
MENU.C,PANE.C,1
MENU.C,PRINT.C,1
MENU.C,PRISM.C,14
MENU.C,PRISM.H,13
MENU.C,REMAP.C,1
MENU.C,ROT90.C,1
MENU.C,SPARE.C,4
MENU.C,STRETCH.C,4
MENU.C,SYSTEM.H,1
MESSAGE.C,SYSTEM.H,1
MODES.C,BMOB.C,1
MODES.C,BOX.C,1
MODES.C,BRXFORM.C,1
MODES.C,CCYCLE.C,2
MODES.C,CURBRUSH.C,1
MODES.C,CURSOR.C,2
MODES.C,DISPNUM.C,5
MODES.C,MAGOPS.C,4
MODES.C,MAGWIN.C,8
MODES.C,MAINMAG.C,11
MODES.C,MENU.C,1
MODES.C,PAINTW.C,14
MODES.C,PANE.C,1
MODES.C,PGRAPH.C,4
MODES.C,PNTS.H,73
MODES.C,PRISM.C,5
MODES.C,PRISM.H,63
MODES.C,PSYM.C,2
MODES.C,SYSTEM.H,1
MOUSEBUT.C,exec\types.h,1
MOUSEBUT.C,hardware\cia.h,1
MOUSEBUT.C,hardware\custom.h,1
PACKER.H,exec\types.h,1
PACKERF.C,iff\packer.h,1
PAINTW.C,AIRBRUSH.C,1
PAINTW.C,BEND.C,2
PAINTW.C,BMOB.C,1
PAINTW.C,CCYCLE.C,1
PAINTW.C,CURSOR.C,3
PAINTW.C,DPIFF.H,32
PAINTW.C,MAGWIN.C,2
PAINTW.C,MAINMAG.C,2
PAINTW.C,MODES.C,20
PAINTW.C,MOUSEBUT.C,1
PAINTW.C,PGRAPH.C,2
PAINTW.C,PNTS.H,35
PAINTW.C,POLYF.C,1
PAINTW.C,POLYH.C,2
PAINTW.C,PRISM.H,472
PAINTW.C,SHEAR.C,1
PAINTW.C,SYSTEM.H,1
PAINTW.C,TEXT.C,2
PALBMS.C,SYSTEM.H,1
PALETTE.C,HSV.C,3
PALETTE.C,SYSTEM.H,1
PANE.C,librarie\dos.h,1
PANE.C,MAINMAG.C,5
PANE.C,MOUSEBUT.C,1
PANE.C,PRISM.C,10
PANE.C,PRISM.H,58
PANE.C,SYSTEM.H,1
PANE.C,TIMER.C,2
PGRAPH.C,BOX.C,2
PGRAPH.C,CCYCLE.C,2
PGRAPH.C,PAINTW.C,2
PGRAPH.C,PALETTE.C,3
PGRAPH.C,PLBM.H,2
PGRAPH.C,PRISM.H,28
PGRAPH.C,SYSTEM.H,1
PLBM.H,exec\types.h,1
PLBM.H,PACKER.H,1
POLYF.C,CCYCLE.C,1
POLYF.C,MAGOPS.C,1
POLYF.C,MAGWIN.C,2
POLYF.C,MODES.C,21
POLYF.C,PAINTW.C,11
POLYF.C,PGRAPH.C,2
POLYF.C,PNTS.H,21
POLYF.C,PRISM.C,10
POLYF.C,PRISM.H,9
POLYF.C,PSYM.C,1
POLYF.C,SYSTEM.H,1
POLYH.C,MAGWIN.C,1
POLYH.C,MAINMAG.C,2
POLYH.C,MODES.C,12
POLYH.C,PAINTW.C,11
POLYH.C,PNTS.H,15
POLYH.C,PRISM.H,5
POLYH.C,SYSTEM.H,1
PRINT.C,CURSOR.C,2
PRINT.C,devices\printer.h,1
PRINT.C,MAINMAG.C,1
PRINT.C,PRISM.H,2
PRINT.C,SYSTEM.H,1
PRISM.C,AIRBRUSH.C,1
PRISM.C,BITMAPS.C,2
PRISM.C,BMOB.C,1
PRISM.C,BRXFORM.C,1
PRISM.C,CCYCLE.C,3
PRISM.C,CURBRUSH.C,1
PRISM.C,CURSOR.C,2
PRISM.C,DPHOOK.H,1
PRISM.C,DPINIT.C,2
PRISM.C,librarie\diskfont.h,1
PRISM.C,librarie\dosexten.h,1
PRISM.C,MAINMAG.C,1
PRISM.C,PAINTW.C,1
PRISM.C,PALETTE.C,9
PRISM.C,PANE.C,2
PRISM.C,PLBM.H,4
PRISM.C,PRISM.H,59
PRISM.C,SYSTEM.H,1
PRISM.H,graphics\gfx.h,1
PSYM.C,PRISM.H,19
PSYM.C,SYSTEM.H,1
RANDOM.C,exec\types.h,1
REMAP.C,BMOB.C,1
REMAP.C,PRISM.C,2
REMAP.C,PRISM.H,2
REMAP.C,SYSTEM.H,1
REQCOM.C,librarie\dos.h,1
REQCOM.C,SYSTEM.H,1
ROT90.C,BITMAPS.C,4
ROT90.C,BMOB.C,1
ROT90.C,CURSOR.C,2
ROT90.C,graphics\gfx.h,1
ROT90.C,MODES.C,1
ROT90.C,PRISM.C,12
ROT90.C,PRISM.H,5
ROT90.C,SYSTEM.H,1
ROTATE.C,BMOB.C,1
ROTATE.C,BRXFORM.C,1
ROTATE.C,CURSOR.C,2
ROTATE.C,MODES.C,2
ROTATE.C,PAINTW.C,1
ROTATE.C,PNTS.H,17
ROTATE.C,PRISM.C,15
ROTATE.C,PRISM.H,24
ROTATE.C,SYSTEM.H,1
SHADE.C,CCYCLE.C,4
SHADE.C,PRISM.C,3
SHADE.C,PRISM.H,18
SHADE.C,SYSTEM.H,1
SHEAR.C,BMOB.C,1
SHEAR.C,BRXFORM.C,5
SHEAR.C,MODES.C,6
SHEAR.C,PAINTW.C,6
SHEAR.C,PNTS.H,6
SHEAR.C,PRISM.C,24
SHEAR.C,PRISM.H,10
SHEAR.C,SYSTEM.H,1
SPARE.C,BITMAPS.C,1
SPARE.C,CCYCLE.C,1
SPARE.C,MAGWIN.C,1
SPARE.C,MAINMAG.C,6
SPARE.C,PRISM.C,12
SPARE.C,PRISM.H,17
SPARE.C,SYSTEM.H,1
STRETCH.C,BRXFORM.C,3
STRETCH.C,CURSOR.C,2
STRETCH.C,MODES.C,1
STRETCH.C,PAINTW.C,4
STRETCH.C,PALETTE.C,1
STRETCH.C,PNTS.H,9
STRETCH.C,PRISM.C,30
STRETCH.C,PRISM.H,19
STRETCH.C,SYSTEM.H,1
SYMREQ.C,librarie\dos.h,1
SYMREQ.C,SYSTEM.H,1
SYSTEM.H,devices\inputevent.h,1
SYSTEM.H,devices\keymap.h,1
SYSTEM.H,devices\timer.h,1
SYSTEM.H,exec\devices.h,1
SYSTEM.H,exec\interrupts.h,1
SYSTEM.H,exec\io.h,1
SYSTEM.H,exec\libraries.h,1
SYSTEM.H,exec\lists.h,1
SYSTEM.H,exec\memory.h,1
SYSTEM.H,exec\nodes.h,1
SYSTEM.H,exec\ports.h,1
SYSTEM.H,exec\tasks.h,1
SYSTEM.H,exec\types.h,1
SYSTEM.H,graphics\clip.h,1
SYSTEM.H,graphics\collide.h,1
SYSTEM.H,graphics\copper.h,1
SYSTEM.H,graphics\display.h,1
SYSTEM.H,graphics\gels.h,1
SYSTEM.H,graphics\gfx.h,1
SYSTEM.H,graphics\gfxbase.h,1
SYSTEM.H,graphics\gfxmacros.h,1
SYSTEM.H,graphics\layers.h,1
SYSTEM.H,graphics\rastport.h,1
SYSTEM.H,graphics\regions.h,1
SYSTEM.H,graphics\sprite.h,1
SYSTEM.H,graphics\text.h,1
SYSTEM.H,graphics\view.h,1
SYSTEM.H,hardware\blit.h,1
SYSTEM.H,hardware\dmabits.h,1
SYSTEM.H,intuitio\intuitio.h,1
SYSTEM.H,librarie\dos.h,1
TEXT.C,CHPROC.C,3
TEXT.C,KEYJUNK.C,1
TEXT.C,librarie\diskfont.h,1
TEXT.C,MAGWIN.C,3
TEXT.C,MAINMAG.C,1
TEXT.C,PAINTW.C,12
TEXT.C,PGRAPH.C,1
TEXT.C,PNTS.H,5
TEXT.C,PRISM.C,14
TEXT.C,PRISM.H,13
TEXT.C,SYSTEM.H,1
TIMER.C,librarie\dos.h,1
TIMER.C,SYSTEM.H,1
UNPACKER.C,iff\packer.h,1